,season,team,position,player_id
0,2024,NYJ,QB,00-0023459
1,2024,SEA,P,00-0023742
2,2024,ARI,K,00-0023853
3,2024,TEN,K,00-0025565
4,2024,CAR,LS,00-0026027
5,2024,ATL,QB,00-0026143
6,2024,IND,QB,00-0026158
7,2024,BAL,QB,00-0026300
8,2024,LA,QB,00-0026498
9,2024,NYG,K,00-0026858
10,2024,NYJ,P,00-0027114
11,2024,HOU,LS,00-0027224
12,2024,TEN,LS,00-0027557
13,2024,SF,OL,00-0027857
14,2024,PHI,DL,00-0027865
15,2024,BUF,LB,00-0027940
16,2024,NYJ,OL,00-0027947
17,2024,NO,DL,00-0027962
18,2024,PIT,DL,00-0027969
19,2024,CAR,QB,00-0027973
20,2024,NYJ,QB,00-0028118
21,2024,PHI,OL,00-0028129
22,2024,CHI,LS,00-0028284
23,2024,LAC,LS,00-0028845
24,2024,CAR,P,00-0028872
25,2024,CLE,DB,00-0028899
26,2024,ARI,LS,00-0028946
27,2024,HOU,QB,00-0028986
28,2024,CLE,LS,00-0029008
29,2024,WAS,LB,00-0029255
30,2024,PIT,QB,00-0029263
31,2024,ARI,OL,00-0029316
32,2024,TB,LB,00-0029562
33,2024,DET,OL,00-0029592
34,2024,BAL,K,00-0029597
35,2024,ATL,QB,00-0029604
36,2024,MIN,DB,00-0029606
37,2024,NO,LB,00-0029607
38,2024,NYJ,K,00-0029621
39,2024,PHI,DL,00-0029653
40,2024,DAL,P,00-0029692
41,2024,MIN,LS,00-0029714
42,2024,WAS,K,00-0029822
43,2024,SF,RB,00-0029892
44,2024,TB,OL,00-0029895
45,2024,SF,OL,00-0029963
46,2024,CAR,WR,00-0030035
47,2024,WAS,TE,00-0030061
48,2024,PHI,DB,00-0030062
49,2024,SEA,DL,00-0030063
50,2024,MIA,OL,00-0030067
51,2024,LV,DL,00-0030070
52,2024,BUF,P,00-0030092
53,2024,MIN,OL,00-0030097
54,2024,CLE,K,00-0030098
55,2024,MIA,DB,00-0030114
56,2024,WAS,P,00-0030140
57,2024,CHI,WR,00-0030279
58,2024,TB,DL,00-0030386
59,2024,HOU,WR,00-0030431
60,2024,NO,DB,00-0030459
61,2024,KC,TE,00-0030506
62,2024,PHI,OL,00-0030561
63,2024,TEN,WR,00-0030564
64,2024,SEA,QB,00-0030565
65,2024,PIT,RB,00-0030578
66,2024,KC,LS,00-0030615
67,2024,NO,OL,00-0030694
68,2024,WAS,OL,00-0030725
69,2024,KC,DL,00-0030757
70,2024,JAX,OL,00-0030827
71,2024,NYG,LS,00-0030957
72,2024,LAC,OL,00-0031019
73,2024,LAC,DL,00-0031040
74,2024,BUF,DL,00-0031054
75,2024,MIA,LB,00-0031101
76,2024,PIT,K,00-0031136
77,2024,WAS,LS,00-0031156
78,2024,BAL,DL,00-0031177
79,2024,CHI,K,00-0031203
80,2024,MIA,WR,00-0031235
81,2024,DAL,WR,00-0031236
82,2024,HOU,DL,00-0031254
83,2024,CLE,DL,00-0031270
84,2024,ATL,OL,00-0031279
85,2024,NO,QB,00-0031280
86,2024,NYJ,LB,00-0031296
87,2024,HOU,DB,00-0031298
88,2024,CAR,TE,00-0031299
89,2024,NYJ,OL,00-0031330
90,2024,LA,QB,00-0031345
91,2024,DAL,DB,00-0031357
92,2024,BAL,LB,00-0031360
93,2024,CLE,LB,00-0031361
94,2024,CAR,LB,00-0031364
95,2024,LV,WR,00-0031381
96,2024,LA,DL,00-0031388
97,2024,DAL,OL,00-0031402
98,2024,TB,WR,00-0031408
99,2024,DAL,DL,00-0031411
100,2024,CLE,OL,00-0031426
101,2024,NYG,WR,00-0031428
102,2024,NYG,TE,00-0031484
103,2024,SEA,K,00-0031492
104,2024,WAS,DL,00-0031500
105,2024,CLE,QB,00-0031503
106,2024,BUF,OL,00-0031534
107,2024,CLE,WR,00-0031544
108,2024,PHI,WR,00-0031547
109,2024,BAL,WR,00-0031549
110,2024,CAR,LB,00-0031550
111,2024,ATL,DL,00-0031551
112,2024,DAL,LB,00-0031554
113,2024,NYG,DL,00-0031557
114,2024,HOU,LB,00-0031565
115,2024,CLE,DL,00-0031576
116,2024,HOU,OL,00-0031580
117,2024,ATL,DL,00-0031583
118,2024,PIT,TE,00-0031585
119,2024,HOU,WR,00-0031588
120,2024,DEN,RB,00-0031595
121,2024,NYG,TE,00-0031610
122,2024,MIA,RB,00-0031687
123,2024,IND,TE,00-0031690
124,2024,HOU,LB,00-0031740
125,2024,CAR,DB,00-0031785
126,2024,BUF,DL,00-0031795
127,2024,ATL,QB,00-0031800
128,2024,NE,OL,00-0031852
129,2024,WAS,WR,00-0031868
130,2024,DEN,LB,00-0031898
131,2024,PHI,LS,00-0031911
132,2024,MIA,OL,00-0031921
133,2024,SEA,DL,00-0031933
134,2024,GB,LB,00-0031935
135,2024,JAX,OL,00-0031936
136,2024,DAL,DL,00-0031938
137,2024,WAS,WR,00-0031941
138,2024,NYG,DL,00-0031957
139,2024,WAS,LB,00-0032052
140,2024,JAX,OL,00-0032053
141,2024,ATL,P,00-0032065
142,2024,CIN,OL,00-0032071
143,2024,LAC,LB,00-0032103
144,2024,LV,RB,00-0032104
145,2024,DEN,DL,00-0032107
146,2024,SF,WR,00-0032128
147,2024,CLE,LB,00-0032129
148,2024,PHI,TE,00-0032134
149,2024,LAC,LB,00-0032146
150,2024,SF,OL,00-0032151
151,2024,SF,DL,00-0032162
152,2024,JAX,DL,00-0032164
153,2024,JAX,DB,00-0032195
154,2024,TB,LB,00-0032197
155,2024,LV,OL,00-0032203
156,2024,DEN,WR,00-0032208
157,2024,SEA,WR,00-0032211
158,2024,DAL,LB,00-0032215
159,2024,NE,LS,00-0032228
160,2024,SEA,OL,00-0032234
161,2024,LA,OL,00-0032242
162,2024,HOU,DL,00-0032265
163,2024,WAS,QB,00-0032268
164,2024,SF,DB,00-0032320
165,2024,IND,DL,00-0032378
166,2024,HOU,OL,00-0032380
167,2024,DET,OL,00-0032381
168,2024,IND,OL,00-0032383
169,2024,CLE,OL,00-0032384
170,2024,SEA,DL,00-0032387
171,2024,BUF,LB,00-0032388
172,2024,KC,OL,00-0032391
173,2024,NE,TE,00-0032392
174,2024,TEN,TE,00-0032394
175,2024,DET,OL,00-0032395
176,2024,ARI,WR,00-0032398
177,2024,PIT,DB,00-0032399
178,2024,SF,LB,00-0032401
179,2024,PIT,DL,00-0032412
180,2024,NE,LB,00-0032415
181,2024,CLE,DL,00-0032416
182,2024,DET,DL,00-0032424
183,2024,NYJ,OL,00-0032432
184,2024,SF,QB,00-0032434
185,2024,WAS,QB,00-0032436
186,2024,MIN,LB,00-0032437
187,2024,PIT,LB,00-0032442
188,2024,CIN,OL,00-0032445
189,2024,DET,DL,00-0032463
190,2024,DET,WR,00-0032464
191,2024,SEA,OL,00-0032466
192,2024,BUF,LS,00-0032497
193,2024,CIN,DB,00-0032521
194,2024,CLE,OL,00-0032528
195,2024,DEN,K,00-0032569
196,2024,BAL,DL,00-0032574
197,2024,NE,DB,00-0032580
198,2024,JAX,DL,00-0032667
199,2024,LAC,DL,00-0032671
200,2024,SF,OL,00-0032701
201,2024,HOU,K,00-0032726
202,2024,IND,LS,00-0032753
203,2024,CIN,DL,00-0032759
204,2024,KC,DL,00-0032762
205,2024,BUF,DL,00-0032763
206,2024,BAL,RB,00-0032764
207,2024,LV,OL,00-0032768
208,2024,KC,DB,00-0032774
209,2024,LA,WR,00-0032775
210,2024,DET,QB,00-0032792
211,2024,NYG,DB,00-0032803
212,2024,CAR,DL,00-0032889
213,2024,PHI,DB,00-0032890
214,2024,MIN,RB,00-0032918
215,2024,ATL,DB,00-0032933
216,2024,CIN,DB,00-0032939
217,2024,DEN,P,00-0032943
218,2024,KC,QB,00-0032950
219,2024,PIT,OL,00-0032954
220,2024,BAL,OL,00-0032965
221,2024,CLE,WR,00-0032977
222,2024,TEN,WR,00-0033009
223,2024,HOU,DB,00-0033038
224,2024,MIA,WR,00-0033040
225,2024,DAL,RB,00-0033045
226,2024,MIN,DL,00-0033046
227,2024,ATL,DL,00-0033051
228,2024,MIA,DB,00-0033055
229,2024,CLE,OL,00-0033057
230,2024,NO,LS,00-0033063
231,2024,JAX,DL,00-0033064
232,2024,PHI,OL,00-0033065
233,2024,CHI,DL,00-0033066
234,2024,SF,DL,00-0033072
235,2024,DAL,QB,00-0033077
236,2024,NO,OL,00-0033082
237,2024,MIA,DB,00-0033084
238,2024,NE,TE,00-0033090
239,2024,MIN,DL,00-0033093
240,2024,SEA,DB,00-0033103
241,2024,DET,QB,00-0033106
242,2024,SF,DL,00-0033109
243,2024,LA,TE,00-0033110
244,2024,NE,QB,00-0033119
245,2024,GB,DL,00-0033120
246,2024,SF,DL,00-0033131
247,2024,CHI,DB,00-0033132
248,2024,LAC,DL,00-0033156
249,2024,TB,LS,00-0033196
250,2024,SF,LS,00-0033199
251,2024,IND,TE,00-0033217
252,2024,TEN,OL,00-0033221
253,2024,MIN,TE,00-0033246
254,2024,ARI,WR,00-0033251
255,2024,NYJ,LS,00-0033260
256,2024,IND,P,00-0033269
257,2024,SF,RB,00-0033280
258,2024,BAL,DB,00-0033281
259,2024,BUF,WR,00-0033282
260,2024,CAR,OL,00-0033284
261,2024,SF,TE,00-0033288
262,2024,NYG,OL,00-0033290
263,2024,SF,WR,00-0033292
264,2024,MIN,RB,00-0033293
265,2024,NYJ,DB,00-0033294
266,2024,DEN,DL,00-0033297
267,2024,CHI,DB,00-0033302
268,2024,KC,K,00-0033303
269,2024,NE,WR,00-0033307
270,2024,MIN,QB,00-0033319
271,2024,CHI,OL,00-0033326
272,2024,GB,LB,00-0033336
273,2024,BAL,DL,00-0033347
274,2024,NO,QB,00-0033357
275,2024,DEN,WR,00-0033375
276,2024,BAL,RB,00-0033376
277,2024,LV,DL,00-0033381
278,2024,IND,DB,00-0033393
279,2024,SEA,TE,00-0033439
280,2024,BUF,LB,00-0033445
281,2024,PHI,WR,00-0033460
282,2024,NE,LB,00-0033461
283,2024,NYG,WR,00-0033466
284,2024,BAL,DB,00-0033503
285,2024,PIT,DB,00-0033512
286,2024,WAS,DL,00-0033523
287,2024,ATL,DB,00-0033524
288,2024,DEN,RB,00-0033526
289,2024,NYJ,WR,00-0033536
290,2024,CLE,QB,00-0033537
291,2024,DEN,OL,00-0033538
292,2024,CLE,DL,00-0033546
293,2024,TEN,DB,00-0033548
294,2024,MIA,LB,00-0033549
295,2024,BUF,DB,00-0033551
296,2024,ARI,RB,00-0033553
297,2024,BUF,WR,00-0033555
298,2024,NYJ,RB,00-0033556
299,2024,DET,LB,00-0033557
300,2024,HOU,DB,00-0033566
301,2024,MIA,LB,00-0033570
302,2024,BUF,LB,00-0033571
303,2024,SF,TE,00-0033576
304,2024,CAR,DB,00-0033579
305,2024,JAX,DL,00-0033582
306,2024,CAR,WR,00-0033589
307,2024,HOU,WR,00-0033591
308,2024,BUF,DL,00-0033598
309,2024,DAL,QB,00-0033662
310,2024,ARI,OL,00-0033676
311,2024,WAS,DB,00-0033697
312,2024,WAS,RB,00-0033699
313,2024,ATL,K,00-0033702
314,2024,PIT,P,00-0033729
315,2024,SF,DL,00-0033746
316,2024,ATL,OL,00-0033752
317,2024,MIN,TE,00-0033757
318,2024,CLE,DB,00-0033770
319,2024,CHI,DL,00-0033782
320,2024,PHI,K,00-0033787
321,2024,WAS,OL,00-0033831
322,2024,HOU,RB,00-0033854
323,2024,NE,WR,00-0033857
324,2024,MIA,TE,00-0033858
325,2024,NE,DL,00-0033860
326,2024,DET,OL,00-0033863
327,2024,CLE,DL,00-0033868
328,2024,BUF,QB,00-0033869
329,2024,NYJ,DL,00-0033870
330,2024,KC,QB,00-0033873
331,2024,NO,DB,00-0033874
332,2024,NYJ,LB,00-0033875
333,2024,HOU,DL,00-0033876
334,2024,DAL,DB,00-0033877
335,2024,JAX,TE,00-0033881
336,2024,NE,DB,00-0033883
337,2024,LA,DB,00-0033884
338,2024,CLE,TE,00-0033885
339,2024,PIT,LB,00-0033886
340,2024,NO,OL,00-0033888
341,2024,JAX,OL,00-0033889
342,2024,ARI,DB,00-0033890
343,2024,ARI,WR,00-0033891
344,2024,BAL,DB,00-0033894
345,2024,CHI,TE,00-0033895
346,2024,HOU,RB,00-0033897
347,2024,CLE,OL,00-0033901
348,2024,NO,DL,00-0033902
349,2024,BUF,OL,00-0033904
350,2024,PIT,DL,00-0033905
351,2024,NO,RB,00-0033906
352,2024,BUF,DL,00-0033907
353,2024,LA,WR,00-0033908
354,2024,MIN,OL,00-0033910
355,2024,DET,LB,00-0033914
356,2024,TB,WR,00-0033921
357,2024,CLE,RB,00-0033925
358,2024,MIN,DB,00-0033926
359,2024,DAL,DB,00-0033928
360,2024,PIT,DL,00-0033929
361,2024,CIN,DL,00-0033935
362,2024,JAX,QB,00-0033936
363,2024,SEA,DB,00-0033941
364,2024,DEN,WR,00-0033943
365,2024,IND,DL,00-0033945
366,2024,HOU,OL,00-0033946
367,2024,NE,DL,00-0033947
368,2024,NO,RB,00-0033948
369,2024,SF,QB,00-0033949
370,2024,IND,DL,00-0033952
371,2024,WAS,RB,00-0033955
372,2024,NO,QB,00-0033958
373,2024,NYJ,DL,00-0033963
374,2024,CLE,OL,00-0033995
375,2024,PIT,LS,00-0034051
376,2024,MIA,WR,00-0034054
377,2024,DET,LS,00-0034067
378,2024,ATL,TE,00-0034073
379,2024,DET,K,00-0034084
380,2024,SF,DB,00-0034091
381,2024,DET,DB,00-0034096
382,2024,CAR,WR,00-0034104
383,2024,NYG,OL,00-0034112
384,2024,CHI,OL,00-0034114
385,2024,MIA,RB,00-0034115
386,2024,NO,DB,00-0034116
387,2024,NO,DL,00-0034125
388,2024,IND,DB,00-0034145
389,2024,MIN,OL,00-0034158
390,2024,LAC,TE,00-0034159
391,2024,SEA,P,00-0034160
392,2024,LV,K,00-0034161
393,2024,LAC,P,00-0034162
394,2024,CHI,DL,00-0034163
395,2024,CAR,K,00-0034173
396,2024,HOU,QB,00-0034177
397,2024,LAC,RB,00-0034184
398,2024,DAL,LS,00-0034198
399,2024,LA,DB,00-0034203
400,2024,CAR,RB,00-0034208
401,2024,DAL,OL,00-0034229
402,2024,LAC,DL,00-0034234
403,2024,MIA,DB,00-0034248
404,2024,NE,DL,00-0034251
405,2024,CAR,OL,00-0034261
406,2024,CHI,DB,00-0034263
407,2024,NYJ,DL,00-0034264
408,2024,PIT,DB,00-0034265
409,2024,NYJ,TE,00-0034270
410,2024,BUF,WR,00-0034272
411,2024,HOU,DL,00-0034275
412,2024,PIT,DB,00-0034277
413,2024,DEN,DB,00-0034278
414,2024,NO,WR,00-0034279
415,2024,LAC,OL,00-0034281
416,2024,MIA,DL,00-0034285
417,2024,WAS,LB,00-0034302
418,2024,DET,DB,00-0034310
419,2024,ATL,DL,00-0034320
420,2024,WAS,DL,00-0034333
421,2024,CHI,DB,00-0034337
422,2024,IND,OL,00-0034342
423,2024,DET,LB,00-0034344
424,2024,DET,OL,00-0034345
425,2024,ARI,OL,00-0034346
426,2024,PIT,OL,00-0034347
427,2024,DEN,WR,00-0034348
428,2024,SEA,LB,00-0034350
429,2024,PHI,TE,00-0034351
430,2024,HOU,DB,00-0034355
431,2024,PIT,DB,00-0034356
432,2024,NYJ,DB,00-0034357
433,2024,IND,DL,00-0034359
434,2024,ATL,LB,00-0034360
435,2024,KC,DB,00-0034361
436,2024,BAL,DL,00-0034363
437,2024,CLE,TE,00-0034364
438,2024,CAR,TE,00-0034365
439,2024,CLE,RB,00-0034367
440,2024,CAR,LB,00-0034368
441,2024,MIA,DL,00-0034371
442,2024,WAS,DL,00-0034373
443,2024,TB,DB,00-0034374
444,2024,ARI,LB,00-0034375
445,2024,BUF,DB,00-0034376
446,2024,PHI,DB,00-0034377
447,2024,PHI,LB,00-0034381
448,2024,HOU,TE,00-0034383
449,2024,NYJ,DB,00-0034384
450,2024,NE,LB,00-0034385
451,2024,KC,WR,00-0034386
452,2024,ARI,DL,00-0034387
453,2024,ATL,DB,00-0034389
454,2024,MIA,DB,00-0034391
455,2024,DET,WR,00-0034395
456,2024,HOU,DL,00-0034397
457,2024,CLE,OL,00-0034399
458,2024,MIA,QB,00-0034401
459,2024,ATL,WR,00-0034407
460,2024,JAX,LB,00-0034413
461,2024,LA,RB,00-0034414
462,2024,CHI,OL,00-0034417
463,2024,NO,WR,00-0034418
464,2024,MIA,WR,00-0034419
465,2024,NYG,LB,00-0034424
466,2024,PHI,OL,00-0034429
467,2024,IND,LB,00-0034431
468,2024,NYJ,RB,00-0034433
469,2024,BUF,OL,00-0034436
470,2024,JAX,P,00-0034437
471,2024,CIN,QB,00-0034438
472,2024,CIN,DB,00-0034446
473,2024,GB,K,00-0034450
474,2024,NYJ,DL,00-0034461
475,2024,WAS,DB,00-0034465
476,2024,ARI,LB,00-0034473
477,2024,CHI,DB,00-0034485
478,2024,MIN,WR,00-0034487
479,2024,TB,DB,00-0034488
480,2024,SF,LB,00-0034490
481,2024,ARI,OL,00-0034495
482,2024,CAR,LB,00-0034500
483,2024,DEN,DB,00-0034514
484,2024,BUF,DB,00-0034515
485,2024,NYJ,WR,00-0034521
486,2024,CLE,DB,00-0034540
487,2024,LV,DB,00-0034545
488,2024,WAS,OL,00-0034571
489,2024,SF,DB,00-0034573
490,2024,TB,TE,00-0034575
491,2024,PIT,QB,00-0034577
492,2024,ATL,DL,00-0034612
493,2024,CIN,TE,00-0034613
494,2024,ARI,DB,00-0034623
495,2024,HOU,DB,00-0034639
496,2024,MIN,WR,00-0034646
497,2024,KC,DL,00-0034657
498,2024,NYG,OL,00-0034668
499,2024,CHI,LB,00-0034673
500,2024,ATL,DB,00-0034675
501,2024,ARI,DL,00-0034677
502,2024,CIN,OL,00-0034678
503,2024,TB,RB,00-0034681
504,2024,IND,DL,00-0034682
505,2024,LV,LB,00-0034720
506,2024,CLE,P,00-0034721
507,2024,CAR,DL,00-0034723
508,2024,GB,DB,00-0034728
509,2024,GB,WR,00-0034732
510,2024,CLE,DL,00-0034746
511,2024,CAR,RB,00-0034750
512,2024,CIN,OL,00-0034752
513,2024,BAL,TE,00-0034753
514,2024,PHI,LB,00-0034754
515,2024,JAX,DB,00-0034756
516,2024,LV,OL,00-0034759
517,2024,NO,DL,00-0034760
518,2024,SF,OL,00-0034763
519,2024,LV,WR,00-0034764
520,2024,DET,WR,00-0034765
521,2024,NE,OL,00-0034768
522,2024,TEN,QB,00-0034771
523,2024,TB,DL,00-0034773
524,2024,JAX,WR,00-0034775
525,2024,LAC,WR,00-0034777
526,2024,DET,DB,00-0034778
527,2024,IND,DB,00-0034779
528,2024,SF,DB,00-0034780
529,2024,MIN,DL,00-0034782
530,2024,BAL,LB,00-0034787
531,2024,PIT,DB,00-0034789
532,2024,LAC,DB,00-0034790
533,2024,CLE,RB,00-0034791
534,2024,LV,DB,00-0034792
535,2024,MIA,K,00-0034794
536,2024,BAL,QB,00-0034796
537,2024,SEA,LB,00-0034797
538,2024,MIA,TE,00-0034798
539,2024,CIN,DL,00-0034800
540,2024,LA,OL,00-0034803
541,2024,CLE,OL,00-0034804
542,2024,DEN,DL,00-0034805
543,2024,CLE,DL,00-0034807
544,2024,CLE,RB,00-0034808
545,2024,TEN,DL,00-0034810
546,2024,SF,LB,00-0034815
547,2024,KC,DL,00-0034818
548,2024,TEN,LB,00-0034825
549,2024,CHI,WR,00-0034827
550,2024,TEN,LB,00-0034828
551,2024,CIN,TE,00-0034829
552,2024,LAC,TE,00-0034830
553,2024,MIA,LB,00-0034832
554,2024,MIA,OL,00-0034833
555,2024,CIN,DL,00-0034834
556,2024,IND,OL,00-0034836
557,2024,TEN,WR,00-0034837
558,2024,DAL,RB,00-0034838
559,2024,IND,DL,00-0034842
560,2024,ATL,DB,00-0034843
561,2024,PHI,RB,00-0034844
562,2024,DEN,OL,00-0034847
563,2024,ATL,WR,00-0034854
564,2024,TB,QB,00-0034855
565,2024,CLE,DB,00-0034856
566,2024,BUF,QB,00-0034857
567,2024,JAX,DB,00-0034858
568,2024,CHI,WR,00-0034860
569,2024,MIN,QB,00-0034869
570,2024,BAL,LB,00-0034874
571,2024,TB,QB,00-0034899
572,2024,NYJ,LB,00-0034902
573,2024,JAX,DB,00-0034903
574,2024,HOU,WR,00-0034928
575,2024,DEN,OL,00-0034929
576,2024,ATL,OL,00-0034937
577,2024,SF,P,00-0034941
578,2024,PHI,OL,00-0034951
579,2024,CHI,QB,00-0034955
580,2024,NE,OL,00-0034957
581,2024,HOU,RB,00-0034959
582,2024,LV,WR,00-0034960
583,2024,HOU,DB,00-0034966
584,2024,GB,LB,00-0034967
585,2024,JAX,DB,00-0034968
586,2024,KC,TE,00-0034970
587,2024,LV,RB,00-0034972
588,2024,LV,DL,00-0034973
589,2024,SEA,DB,00-0034974
590,2024,BAL,RB,00-0034975
591,2024,DAL,DB,00-0034977
592,2024,DEN,OL,00-0034978
593,2024,NO,TE,00-0034981
594,2024,SF,LB,00-0034982
595,2024,IND,LB,00-0034987
596,2024,TB,OL,00-0034989
597,2024,BAL,DB,00-0034990
598,2024,NE,DL,00-0034992
599,2024,LV,DB,00-0034993
600,2024,NO,OL,00-0034994
601,2024,JAX,LB,00-0034999
602,2024,MIA,LB,00-0035000
603,2024,ARI,OL,00-0035003
604,2024,SF,LB,00-0035020
605,2024,IND,WR,00-0035021
606,2024,SF,DL,00-0035026
607,2024,CHI,TE,00-0035039
608,2024,NYG,P,00-0035042
609,2024,IND,WR,00-0035045
610,2024,DEN,OL,00-0035062
611,2024,DET,DL,00-0035063
612,2024,MIA,DL,00-0035073
613,2024,CAR,OL,00-0035084
614,2024,ATL,DB,00-0035098
615,2024,CHI,RB,00-0035099
616,2024,CIN,QB,00-0035100
617,2024,WAS,WR,00-0035101
618,2024,PIT,DB,00-0035108
619,2024,BAL,OL,00-0035112
620,2024,MIA,OL,00-0035117
621,2024,GB,LS,00-0035118
622,2024,MIA,RB,00-0035125
623,2024,LV,OL,00-0035127
624,2024,GB,DB,00-0035133
625,2024,NO,DB,00-0035142
626,2024,ARI,LB,00-0035144
627,2024,NYJ,K,00-0035145
628,2024,WAS,OL,00-0035149
629,2024,HOU,DB,00-0035150
630,2024,DET,P,00-0035156
631,2024,HOU,LB,00-0035166
632,2024,PIT,K,00-0035189
633,2024,LV,P,00-0035190
634,2024,NE,K,00-0035192
635,2024,HOU,LB,00-0035202
636,2024,WAS,WR,00-0035208
637,2024,BAL,WR,00-0035215
638,2024,CAR,WR,00-0035216
639,2024,KC,DL,00-0035219
640,2024,LV,TE,00-0035222
641,2024,DEN,DB,00-0035227
642,2024,ARI,QB,00-0035228
643,2024,MIN,TE,00-0035229
644,2024,BUF,DL,00-0035230
645,2024,LV,DL,00-0035231
646,2024,GB,OL,00-0035233
647,2024,HOU,OL,00-0035234
648,2024,ATL,OL,00-0035235
649,2024,MIN,DB,00-0035236
650,2024,KC,OL,00-0035237
651,2024,CIN,OL,00-0035238
652,2024,ARI,DB,00-0035239
653,2024,NE,LB,00-0035240
654,2024,NO,OL,00-0035242
655,2024,CAR,RB,00-0035243
656,2024,HOU,DB,00-0035244
657,2024,NE,DL,00-0035247
658,2024,DEN,DL,00-0035248
659,2024,MIN,TE,00-0035249
660,2024,NYG,RB,00-0035250
661,2024,PHI,QB,00-0035251
662,2024,NYG,OL,00-0035252
663,2024,PHI,DB,00-0035253
664,2024,TB,LB,00-0035254
665,2024,ARI,OL,00-0035258
666,2024,TEN,RB,00-0035261
667,2024,KC,LB,00-0035262
668,2024,DEN,QB,00-0035264
669,2024,DET,DL,00-0035265
670,2024,NE,OL,00-0035266
671,2024,IND,K,00-0035269
672,2024,JAX,DB,00-0035270
673,2024,MIN,LB,00-0035272
674,2024,MIN,LB,00-0035276
675,2024,SEA,DB,00-0035277
676,2024,CHI,DL,00-0035278
677,2024,KC,DL,00-0035279
678,2024,MIA,P,00-0035280
679,2024,LAC,QB,00-0035282
680,2024,PIT,LB,00-0035286
681,2024,LV,QB,00-0035289
682,2024,CIN,RB,00-0035291
683,2024,MIA,LB,00-0035292
684,2024,PIT,WR,00-0035298
685,2024,ARI,OL,00-0035300
686,2024,DAL,DB,00-0035301
687,2024,CHI,TE,00-0035308
688,2024,MIN,RB,00-0035311
689,2024,ATL,LB,00-0035316
690,2024,NYG,OL,00-0035317
691,2024,DET,DB,00-0035327
692,2024,NYG,OL,00-0035328
693,2024,LAC,TE,00-0035329
694,2024,WAS,LB,00-0035330
695,2024,CIN,WR,00-0035341
696,2024,MIA,DB,00-0035346
697,2024,SEA,LB,00-0035352
698,2024,JAX,OL,00-0035355
699,2024,NYG,TE,00-0035356
700,2024,BUF,DB,00-0035357
701,2024,TB,K,00-0035358
702,2024,DEN,WR,00-0035359
703,2024,NE,LB,00-0035363
704,2024,NYJ,DB,00-0035365
705,2024,JAX,DB,00-0035378
706,2024,CHI,OL,00-0035382
707,2024,PIT,OL,00-0035383
708,2024,TB,OL,00-0035384
709,2024,CHI,LB,00-0035386
710,2024,NO,WR,00-0035399
711,2024,JAX,OL,00-0035400
712,2024,NO,DL,00-0035402
713,2024,DEN,WR,00-0035406
714,2024,BAL,LS,00-0035408
715,2024,CAR,DL,00-0035409
716,2024,TEN,LB,00-0035413
717,2024,LV,WR,00-0035414
718,2024,DAL,WR,00-0035457
719,2024,DAL,WR,00-0035457
720,2024,ATL,DB,00-0035470
721,2024,NYJ,WR,00-0035480
722,2024,BUF,DB,00-0035499
723,2024,ARI,WR,00-0035500
724,2024,ARI,WR,00-0035510
725,2024,MIA,DL,00-0035519
726,2024,CLE,LB,00-0035525
727,2024,GB,OL,00-0035526
728,2024,BUF,WR,00-0035527
729,2024,SF,DL,00-0035531
730,2024,NYG,WR,00-0035535
731,2024,BUF,RB,00-0035537
732,2024,SF,DB,00-0035542
733,2024,DET,WR,00-0035544
734,2024,MIA,TE,00-0035547
735,2024,DET,RB,00-0035567
736,2024,DET,TE,00-0035572
737,2024,MIN,OL,00-0035588
738,2024,IND,WR,00-0035593
739,2024,CHI,RB,00-0035594
740,2024,LV,WR,00-0035602
741,2024,LA,LB,00-0035617
742,2024,CHI,WR,00-0035621
743,2024,JAX,OL,00-0035623
744,2024,MIN,WR,00-0035624
745,2024,CLE,DB,00-0035625
746,2024,JAX,RB,00-0035628
747,2024,ARI,OL,00-0035629
748,2024,ATL,OL,00-0035630
749,2024,CIN,TE,00-0035631
750,2024,TEN,DB,00-0035632
751,2024,GB,DB,00-0035633
752,2024,ARI,DL,00-0035636
753,2024,SF,DB,00-0035637
754,2024,PHI,WR,00-0035639
755,2024,SEA,WR,00-0035640
756,2024,JAX,LB,00-0035642
757,2024,TEN,DL,00-0035643
758,2024,SEA,TE,00-0035644
759,2024,NYG,WR,00-0035645
760,2024,NE,LB,00-0035646
761,2024,CHI,DL,00-0035647
762,2024,CHI,OL,00-0035649
763,2024,NO,DB,00-0035655
764,2024,NO,DL,00-0035656
765,2024,WAS,WR,00-0035659
766,2024,KC,WR,00-0035662
767,2024,BUF,DB,00-0035663
768,2024,NYG,DB,00-0035665
769,2024,TB,DL,00-0035667
770,2024,BUF,OL,00-0035668
771,2024,CAR,DB,00-0035669
772,2024,DEN,LB,00-0035672
773,2024,MIN,DL,00-0035674
774,2024,PHI,WR,00-0035676
775,2024,SEA,DL,00-0035678
776,2024,BUF,OL,00-0035679
777,2024,NYJ,LB,00-0035680
778,2024,BUF,DB,00-0035681
779,2024,NYG,DL,00-0035683
780,2024,DET,RB,00-0035685
781,2024,WAS,OL,00-0035686
782,2024,NYG,LB,00-0035687
783,2024,LAC,OL,00-0035688
784,2024,BUF,TE,00-0035689
785,2024,WAS,DL,00-0035692
786,2024,NO,DB,00-0035693
787,2024,BAL,DB,00-0035695
788,2024,CIN,LB,00-0035697
789,2024,DAL,OL,00-0035698
790,2024,TB,DB,00-0035699
791,2024,GB,RB,00-0035700
792,2024,MIN,OL,00-0035702
793,2024,NYG,WR,00-0035703
794,2024,NYG,QB,00-0035704
795,2024,ARI,DB,00-0035705
796,2024,PHI,LB,00-0035707
797,2024,NE,LB,00-0035708
798,2024,NYG,QB,00-0035710
799,2024,NYG,LB,00-0035713
800,2024,SF,DL,00-0035717
801,2024,NYJ,DL,00-0035718
802,2024,SF,WR,00-0035719
803,2024,PHI,OL,00-0035743
804,2024,LV,LS,00-0035757
805,2024,DEN,DL,00-0035763
806,2024,DEN,OL,00-0035764
807,2024,BAL,TE,00-0035769
808,2024,NE,TE,00-0035771
809,2024,PHI,DB,00-0035783
810,2024,WAS,DB,00-0035795
811,2024,DEN,LB,00-0035804
812,2024,NE,RB,00-0035806
813,2024,NO,DL,00-0035816
814,2024,CHI,P,00-0035821
815,2024,JAX,LS,00-0035827
816,2024,ARI,OL,00-0035829
817,2024,NO,RB,00-0035831
818,2024,MIA,DL,00-0035841
819,2024,BUF,DL,00-0035850
820,2024,ARI,OL,00-0035853
821,2024,CLE,DL,00-0035857
822,2024,ARI,P,00-0035859
823,2024,ARI,RB,00-0035860
824,2024,CHI,DB,00-0035863
825,2024,ATL,WR,00-0035869
826,2024,ARI,WR,00-0035876
827,2024,HOU,P,00-0035889
828,2024,KC,DL,00-0035890
829,2024,SEA,WR,00-0035891
830,2024,JAX,OL,00-0035892
831,2024,CIN,LB,00-0035895
832,2024,KC,LB,00-0035900
833,2024,CIN,OL,00-0035904
834,2024,CAR,DL,00-0035910
835,2024,PIT,RB,00-0035924
836,2024,PIT,DL,00-0035927
837,2024,TB,DL,00-0035928
838,2024,LA,LB,00-0035933
839,2024,MIN,WR,00-0035934
840,2024,LA,LB,00-0035942
841,2024,MIN,DL,00-0035944
842,2024,SEA,DL,00-0035946
843,2024,CLE,TE,00-0035956
844,2024,ARI,LB,00-0035961
845,2024,ATL,DL,00-0035969
846,2024,SF,RB,00-0035973
847,2024,ARI,WR,00-0035976
848,2024,ARI,OL,00-0035992
849,2024,CLE,QB,00-0035993
850,2024,WAS,OL,00-0035997
851,2024,NYG,DB,00-0036002
852,2024,CAR,DL,00-0036007
853,2024,PIT,DB,00-0036010
854,2024,ARI,DB,00-0036011
855,2024,MIA,RB,00-0036020
856,2024,DET,TE,00-0036032
857,2024,DAL,OL,00-0036036
858,2024,CAR,DB,00-0036037
859,2024,NO,TE,00-0036040
860,2024,CAR,LB,00-0036045
861,2024,WAS,DL,00-0036050
862,2024,SEA,TE,00-0036059
863,2024,SEA,WR,00-0036080
864,2024,BAL,DL,00-0036081
865,2024,ATL,LS,00-0036082
866,2024,HOU,DB,00-0036087
867,2024,CHI,OL,00-0036093
868,2024,HOU,RB,00-0036096
869,2024,PIT,DB,00-0036101
870,2024,NE,OL,00-0036105
871,2024,MIN,DB,00-0036114
872,2024,TB,OL,00-0036123
873,2024,DET,DB,00-0036124
874,2024,BAL,DL,00-0036130
875,2024,TB,OL,00-0036132
876,2024,CLE,WR,00-0036133
877,2024,DAL,RB,00-0036139
878,2024,NYG,TE,00-0036145
879,2024,TEN,DB,00-0036147
880,2024,CIN,DL,00-0036148
881,2024,PHI,DL,00-0036151
882,2024,CAR,DB,00-0036152
883,2024,GB,LB,00-0036157
884,2024,LAC,RB,00-0036158
885,2024,NE,LB,00-0036159
886,2024,BUF,K,00-0036162
887,2024,NO,OL,00-0036163
888,2024,NYG,WR,00-0036165
889,2024,CAR,DB,00-0036166
890,2024,MIA,OL,00-0036171
891,2024,NO,TE,00-0036173
892,2024,TEN,WR,00-0036176
893,2024,MIA,DL,00-0036181
894,2024,TEN,WR,00-0036182
895,2024,LV,WR,00-0036183
896,2024,BUF,RB,00-0036187
897,2024,BUF,DL,00-0036192
898,2024,NE,LB,00-0036193
899,2024,HOU,OL,00-0036195
900,2024,JAX,WR,00-0036196
901,2024,NE,OL,00-0036198
902,2024,CIN,DB,00-0036199
903,2024,HOU,OL,00-0036202
904,2024,WAS,LB,00-0036203
905,2024,ATL,DL,00-0036204
906,2024,CAR,OL,00-0036210
907,2024,MIA,QB,00-0036212
908,2024,IND,DL,00-0036213
909,2024,IND,OL,00-0036215
910,2024,MIA,LS,00-0036217
911,2024,PIT,WR,00-0036219
912,2024,CAR,DL,00-0036220
913,2024,DEN,DB,00-0036221
914,2024,PHI,DB,00-0036222
915,2024,IND,RB,00-0036223
916,2024,MIN,DL,00-0036224
917,2024,HOU,TE,00-0036225
918,2024,NE,DB,00-0036231
919,2024,LV,TE,00-0036232
920,2024,DET,WR,00-0036233
921,2024,SEA,OL,00-0036236
922,2024,LA,DL,00-0036237
923,2024,TB,DB,00-0036241
924,2024,LA,TE,00-0036244
925,2024,NYG,OL,00-0036246
926,2024,CHI,WR,00-0036247
927,2024,MIA,OL,00-0036248
928,2024,PHI,LB,00-0036249
929,2024,GB,TE,00-0036250
930,2024,CIN,RB,00-0036251
931,2024,IND,WR,00-0036252
932,2024,IND,DB,00-0036253
933,2024,CHI,WR,00-0036254
934,2024,PIT,WR,00-0036255
935,2024,SF,OL,00-0036256
936,2024,LA,OL,00-0036258
937,2024,SF,WR,00-0036259
938,2024,NYJ,DL,00-0036260
939,2024,SF,WR,00-0036261
940,2024,JAX,DL,00-0036262
941,2024,GB,QB,00-0036264
942,2024,GB,RB,00-0036265
943,2024,SF,DL,00-0036266
944,2024,CLE,OL,00-0036267
945,2024,SEA,WR,00-0036268
946,2024,PIT,RB,00-0036269
947,2024,PIT,WR,00-0036271
948,2024,SF,OL,00-0036272
949,2024,NYJ,OL,00-0036273
950,2024,HOU,DB,00-0036274
951,2024,CHI,RB,00-0036275
952,2024,HOU,LB,00-0036276
953,2024,BAL,LB,00-0036280
954,2024,HOU,DB,00-0036281
955,2024,CLE,DB,00-0036282
956,2024,PHI,OL,00-0036284
957,2024,ATL,DB,00-0036285
958,2024,CAR,LB,00-0036286
959,2024,WAS,DB,00-0036287
960,2024,SF,LB,00-0036288
961,2024,CHI,TE,00-0036290
962,2024,TEN,DL,00-0036291
963,2024,CHI,DB,00-0036292
964,2024,WAS,DB,00-0036293
965,2024,CIN,LB,00-0036294
966,2024,PHI,OL,00-0036295
967,2024,BUF,RB,00-0036297
968,2024,CIN,LB,00-0036298
969,2024,HOU,DB,00-0036299
970,2024,WAS,LB,00-0036300
971,2024,NE,DB,00-0036302
972,2024,PIT,DB,00-0036303
973,2024,JAX,LB,00-0036305
974,2024,JAX,DB,00-0036306
975,2024,DET,DB,00-0036307
976,2024,ATL,WR,00-0036309
977,2024,CLE,OL,00-0036310
978,2024,PHI,P,00-0036313
979,2024,ARI,LB,00-0036314
980,2024,NYG,DB,00-0036315
981,2024,IND,OL,00-0036317
982,2024,TEN,OL,00-0036318
983,2024,NO,DL,00-0036321
984,2024,MIN,WR,00-0036322
985,2024,PIT,LB,00-0036323
986,2024,CAR,OL,00-0036325
987,2024,BUF,WR,00-0036326
988,2024,JAX,OL,00-0036327
989,2024,NE,RB,00-0036328
990,2024,NYJ,DB,00-0036329
991,2024,JAX,WR,00-0036331
992,2024,JAX,TE,00-0036332
993,2024,PIT,LB,00-0036333
994,2024,TEN,OL,00-0036334
995,2024,CAR,LB,00-0036335
996,2024,MIN,DL,00-0036337
997,2024,LAC,LB,00-0036338
998,2024,LA,OL,00-0036339
999,2024,CHI,DL,00-0036341
1000,2024,ARI,OL,00-0036342
1001,2024,NO,LB,00-0036343
1002,2024,NE,WR,00-0036345
1003,2024,MIN,OL,00-0036347
1004,2024,MIN,DB,00-0036348
1005,2024,LA,DB,00-0036349
1006,2024,ATL,DL,00-0036351
1007,2024,ATL,OL,00-0036354
1008,2024,LAC,QB,00-0036355
1009,2024,NYG,LB,00-0036356
1010,2024,DAL,WR,00-0036358
1011,2024,KC,RB,00-0036360
1012,2024,DAL,DB,00-0036361
1013,2024,NO,LB,00-0036362
1014,2024,BAL,OL,00-0036363
1015,2024,MIA,DL,00-0036366
1016,2024,KC,OL,00-0036367
1017,2024,NYJ,OL,00-0036369
1018,2024,NYJ,DL,00-0036371
1019,2024,TEN,DB,00-0036374
1020,2024,DET,DB,00-0036375
1021,2024,WAS,OL,00-0036376
1022,2024,KC,DL,00-0036378
1023,2024,ATL,DL,00-0036379
1024,2024,LAC,DB,00-0036380
1025,2024,NYG,OL,00-0036386
1026,2024,NE,WR,00-0036387
1027,2024,GB,DB,00-0036388
1028,2024,PHI,QB,00-0036389
1029,2024,ARI,DB,00-0036390
1030,2024,TEN,OL,00-0036391
1031,2024,DEN,OL,00-0036392
1032,2024,NYG,DB,00-0036394
1033,2024,SEA,DB,00-0036395
1034,2024,MIA,OL,00-0036396
1035,2024,NO,OL,00-0036397
1036,2024,DET,OL,00-0036399
1037,2024,MIA,LB,00-0036400
1038,2024,NYG,LB,00-0036402
1039,2024,BUF,DL,00-0036403
1040,2024,TB,OL,00-0036406
1041,2024,CLE,WR,00-0036407
1042,2024,NO,OL,00-0036408
1043,2024,MIA,LB,00-0036409
1044,2024,CIN,WR,00-0036410
1045,2024,TB,DB,00-0036411
1046,2024,BUF,WR,00-0036412
1047,2024,SEA,LB,00-0036413
1048,2024,PIT,WR,00-0036415
1049,2024,LAC,DB,00-0036416
1050,2024,CAR,OL,00-0036417
1051,2024,PHI,LB,00-0036418
1052,2024,PHI,LB,00-0036419
1053,2024,HOU,DL,00-0036420
1054,2024,DEN,TE,00-0036422
1055,2024,PHI,TE,00-0036423
1056,2024,ARI,RB,00-0036425
1057,2024,LA,WR,00-0036427
1058,2024,DEN,LB,00-0036428
1059,2024,ATL,TE,00-0036429
1060,2024,HOU,DL,00-0036430
1061,2024,CAR,DB,00-0036431
1062,2024,SEA,OL,00-0036437
1063,2024,CAR,TE,00-0036438
1064,2024,IND,WR,00-0036439
1065,2024,TEN,LB,00-0036441
1066,2024,CIN,QB,00-0036442
1067,2024,SF,OL,00-0036448
1068,2024,ATL,WR,00-0036463
1069,2024,MIA,WR,00-0036471
1070,2024,MIN,TE,00-0036474
1071,2024,IND,DL,00-0036479
1072,2024,IND,DL,00-0036480
1073,2024,CAR,WR,00-0036482
1074,2024,IND,OL,00-0036483
1075,2024,JAX,WR,00-0036497
1076,2024,NYJ,LB,00-0036500
1077,2024,NYJ,DB,00-0036501
1078,2024,NYG,DB,00-0036502
1079,2024,NYJ,DB,00-0036504
1080,2024,PIT,DL,00-0036505
1081,2024,CHI,DL,00-0036507
1082,2024,NYJ,TE,00-0036510
1083,2024,ATL,LB,00-0036511
1084,2024,PIT,OL,00-0036522
1085,2024,LV,WR,00-0036527
1086,2024,DET,TE,00-0036534
1087,2024,DEN,OL,00-0036535
1088,2024,BAL,WR,00-0036550
1089,2024,SF,OL,00-0036551
1090,2024,NYG,DL,00-0036552
1091,2024,NYG,LB,00-0036553
1092,2024,HOU,WR,00-0036554
1093,2024,CAR,RB,00-0036555
1094,2024,HOU,TE,00-0036556
1095,2024,SF,OL,00-0036557
1096,2024,MIA,DL,00-0036558
1097,2024,NE,DB,00-0036559
1098,2024,BUF,OL,00-0036560
1099,2024,KC,DB,00-0036561
1100,2024,SF,DB,00-0036563
1101,2024,SF,DB,00-0036564
1102,2024,LAC,TE,00-0036565
1103,2024,SF,RB,00-0036567
1104,2024,ARI,DL,00-0036568
1105,2024,NYG,RB,00-0036569
1106,2024,ARI,DL,00-0036576
1107,2024,IND,OL,00-0036577
1108,2024,LAC,OL,00-0036584
1109,2024,BAL,DB,00-0036587
1110,2024,NYG,DB,00-0036589
1111,2024,BUF,TE,00-0036590
1112,2024,MIA,OL,00-0036596
1113,2024,LA,OL,00-0036603
1114,2024,LV,OL,00-0036604
1115,2024,SEA,OL,00-0036605
1116,2024,SF,DL,00-0036611
1117,2024,MIA,WR,00-0036613
1118,2024,WAS,LB,00-0036614
1119,2024,TEN,DB,00-0036615
1120,2024,MIN,OL,00-0036616
1121,2024,LAC,DB,00-0036617
1122,2024,WAS,OL,00-0036618
1123,2024,TEN,OL,00-0036619
1124,2024,SEA,WR,00-0036620
1125,2024,KC,LB,00-0036621
1126,2024,GB,OL,00-0036622
1127,2024,KC,OL,00-0036623
1128,2024,DET,DL,00-0036624
1129,2024,WAS,DB,00-0036625
1130,2024,WAS,WR,00-0036626
1131,2024,PIT,WR,00-0036627
1132,2024,WAS,TE,00-0036628
1133,2024,MIN,DB,00-0036629
1134,2024,BAL,WR,00-0036630
1135,2024,GB,OL,00-0036631
1136,2024,DEN,DB,00-0036633
1137,2024,CLE,LB,00-0036634
1138,2024,CAR,WR,00-0036635
1139,2024,LAC,OL,00-0036636
1140,2024,KC,TE,00-0036637
1141,2024,WAS,DB,00-0036638
1142,2024,BUF,TE,00-0036640
1143,2024,GB,DL,00-0036642
1144,2024,TB,LB,00-0036643
1145,2024,IND,LB,00-0036644
1146,2024,NO,DB,00-0036645
1147,2024,LAC,WR,00-0036646
1148,2024,KC,WR,00-0036647
1149,2024,LAC,LB,00-0036648
1150,2024,TEN,DL,00-0036649
1151,2024,DAL,WR,00-0036652
1152,2024,SEA,OL,00-0036653
1153,2024,JAX,OL,00-0036655
1154,2024,JAX,WR,00-0036657
1155,2024,GB,LB,00-0036658
1156,2024,KC,OL,00-0036660
1157,2024,DAL,DB,00-0036661
1158,2024,DET,OL,00-0036663
1159,2024,NE,DL,00-0036664
1160,2024,LAC,DB,00-0036667
1161,2024,DET,RB,00-0036670
1162,2024,WAS,WR,00-0036671
1163,2024,IND,LB,00-0036672
1164,2024,JAX,TE,00-0036674
1165,2024,PHI,WR,00-0036676
1166,2024,GB,DB,00-0036677
1167,2024,CAR,DB,00-0036678
1168,2024,BUF,QB,00-0036679
1169,2024,KC,DL,00-0036682
1170,2024,DEN,DB,00-0036683
1171,2024,LA,TE,00-0036692
1172,2024,ARI,DL,00-0036695
1173,2024,JAX,LB,00-0036704
1174,2024,CLE,LB,00-0036705
1175,2024,LV,LB,00-0036711
1176,2024,CHI,LB,00-0036716
1177,2024,NO,RB,00-0036727
1178,2024,SF,LB,00-0036728
1179,2024,DET,OL,00-0036736
1180,2024,NYG,TE,00-0036741
1181,2024,DET,TE,00-0036754
1182,2024,LAC,RB,00-0036755
1183,2024,GB,DB,00-0036764
1184,2024,PIT,OL,00-0036783
1185,2024,NO,DL,00-0036788
1186,2024,CHI,OL,00-0036795
1187,2024,SEA,LB,00-0036802
1188,2024,NE,LB,00-0036813
1189,2024,JAX,K,00-0036816
1190,2024,ATL,OL,00-0036833
1191,2024,MIA,OL,00-0036839
1192,2024,MIN,RB,00-0036842
1193,2024,PIT,DL,00-0036843
1194,2024,TEN,LB,00-0036844
1195,2024,LA,WR,00-0036849
1196,2024,CIN,DL,00-0036850
1197,2024,CIN,OL,00-0036852
1198,2024,CIN,K,00-0036854
1199,2024,TB,DL,00-0036855
1200,2024,CIN,OL,00-0036856
1201,2024,CIN,RB,00-0036857
1202,2024,CLE,WR,00-0036858
1203,2024,NYG,OL,00-0036859
1204,2024,DET,RB,00-0036860
1205,2024,HOU,WR,00-0036862
1206,2024,CIN,OL,00-0036865
1207,2024,CLE,OL,00-0036866
1208,2024,LAC,DL,00-0036867
1209,2024,PIT,OL,00-0036869
1210,2024,DAL,LB,00-0036870
1211,2024,LV,DB,00-0036871
1212,2024,NE,DB,00-0036872
1213,2024,DEN,DB,00-0036874
1214,2024,NE,RB,00-0036875
1215,2024,IND,TE,00-0036876
1216,2024,CLE,WR,00-0036877
1217,2024,LV,DL,00-0036878
1218,2024,IND,QB,00-0036879
1219,2024,DET,OL,00-0036880
1220,2024,CIN,DL,00-0036881
1221,2024,ATL,DL,00-0036883
1222,2024,NE,DB,00-0036884
1223,2024,SEA,DB,00-0036885
1224,2024,DAL,OL,00-0036886
1225,2024,JAX,TE,00-0036887
1226,2024,BUF,DB,00-0036888
1227,2024,LAC,OL,00-0036892
1228,2024,PIT,RB,00-0036893
1229,2024,PIT,TE,00-0036894
1230,2024,LV,LB,00-0036895
1231,2024,ARI,LB,00-0036896
1232,2024,TEN,DB,00-0036897
1233,2024,HOU,QB,00-0036898
1234,2024,NYG,DB,00-0036899
1235,2024,CIN,WR,00-0036900
1236,2024,GB,DB,00-0036901
1237,2024,CIN,DL,00-0036902
1238,2024,LA,DL,00-0036903
1239,2024,GB,DB,00-0036904
1240,2024,CHI,OL,00-0036905
1241,2024,CHI,RB,00-0036906
1242,2024,PIT,DB,00-0036908
1243,2024,ARI,DL,00-0036909
1244,2024,PHI,WR,00-0036912
1245,2024,KC,WR,00-0036913
1246,2024,BUF,DL,00-0036914
1247,2024,CLE,LB,00-0036915
1248,2024,PHI,DL,00-0036916
1249,2024,PHI,DB,00-0036917
1250,2024,PHI,WR,00-0036918
1251,2024,PHI,RB,00-0036919
1252,2024,PHI,DL,00-0036920
1253,2024,PHI,DL,00-0036921
1254,2024,PHI,LB,00-0036922
1255,2024,ARI,RB,00-0036924
1256,2024,NO,DL,00-0036926
1257,2024,NO,LB,00-0036927
1258,2024,TB,QB,00-0036928
1259,2024,KC,QB,00-0036929
1260,2024,NO,OL,00-0036930
1261,2024,DAL,LB,00-0036932
1262,2024,ARI,LB,00-0036933
1263,2024,MIA,LB,00-0036934
1264,2024,KC,DB,00-0036935
1265,2024,ATL,WR,00-0036936
1266,2024,NO,DB,00-0036937
1267,2024,TEN,LB,00-0036938
1268,2024,NE,WR,00-0036939
1269,2024,BAL,LB,00-0036940
1270,2024,JAX,DB,00-0036941
1271,2024,DAL,DL,00-0036942
1272,2024,DEN,LS,00-0036943
1273,2024,CAR,DB,00-0036944
1274,2024,PIT,QB,00-0036945
1275,2024,NYG,OL,00-0036947
1276,2024,ATL,DL,00-0036948
1277,2024,ATL,RB,00-0036950
1278,2024,DEN,LB,00-0036952
1279,2024,CHI,OL,00-0036953
1280,2024,DET,DL,00-0036954
1281,2024,CAR,WR,00-0036955
1282,2024,ARI,DB,00-0036956
1283,2024,ATL,OL,00-0036957
1284,2024,DEN,WR,00-0036959
1285,2024,ATL,DB,00-0036961
1286,2024,LV,DB,00-0036962
1287,2024,DET,WR,00-0036963
1288,2024,DET,LB,00-0036964
1289,2024,NE,OL,00-0036966
1290,2024,TB,LB,00-0036967
1291,2024,CAR,OL,00-0036968
1292,2024,ATL,TE,00-0036970
1293,2024,JAX,QB,00-0036971
1294,2024,JAX,QB,00-0036972
1295,2024,JAX,RB,00-0036973
1296,2024,JAX,DB,00-0036974
1297,2024,JAX,OL,00-0036975
1298,2024,BUF,OL,00-0036976
1299,2024,BAL,OL,00-0036977
1300,2024,DEN,DL,00-0036978
1301,2024,NYJ,OL,00-0036979
1302,2024,CLE,WR,00-0036980
1303,2024,NE,DL,00-0036981
1304,2024,DAL,DL,00-0036982
1305,2024,HOU,OL,00-0036983
1306,2024,IND,RB,00-0036984
1307,2024,TB,OL,00-0036985
1308,2024,DAL,DB,00-0036986
1309,2024,BAL,DB,00-0036987
1310,2024,LAC,WR,00-0036988
1311,2024,LV,DL,00-0036989
1312,2024,LV,LB,00-0036990
1313,2024,TEN,DB,00-0036992
1314,2024,DET,DB,00-0036993
1315,2024,LA,LB,00-0036994
1316,2024,DEN,LB,00-0036995
1317,2024,CLE,DB,00-0036996
1318,2024,DEN,RB,00-0036997
1319,2024,MIA,DB,00-0036998
1320,2024,MIA,WR,00-0036999
1321,2024,NO,LB,00-0037000
1322,2024,DEN,OL,00-0037001
1323,2024,PHI,OL,00-0037002
1324,2024,NYJ,LB,00-0037003
1325,2024,LA,TE,00-0037004
1326,2024,CAR,TE,00-0037005
1327,2024,MIN,LB,00-0037007
1328,2024,SF,DB,00-0037008
1329,2024,LAC,OL,00-0037009
1330,2024,MIA,OL,00-0037010
1331,2024,BUF,TE,00-0037011
1332,2024,DAL,QB,00-0037012
1333,2024,DEN,QB,00-0037013
1334,2024,ARI,TE,00-0037020
1335,2024,NO,TE,00-0037022
1336,2024,LA,TE,00-0037031
1337,2024,ATL,DB,00-0037034
1338,2024,CLE,OL,00-0037040
1339,2024,WAS,DL,00-0037041
1340,2024,CAR,LB,00-0037043
1341,2024,DEN,DL,00-0037051
1342,2024,NYJ,WR,00-0037055
1343,2024,LA,LB,00-0037057
1344,2024,JAX,LB,00-0037061
1345,2024,PHI,DL,00-0037073
1346,2024,GB,LB,00-0037074
1347,2024,GB,DL,00-0037075
1348,2024,GB,OL,00-0037076
1349,2024,SEA,QB,00-0037077
1350,2024,WAS,TE,00-0037078
1351,2024,SEA,DB,00-0037079
1352,2024,ARI,LB,00-0037080
1353,2024,CHI,OL,00-0037081
1354,2024,CHI,DL,00-0037082
1355,2024,GB,LB,00-0037083
1356,2024,PIT,LB,00-0037084
1357,2024,DEN,RB,00-0037085
1358,2024,PHI,TE,00-0037086
1359,2024,CHI,OL,00-0037088
1360,2024,CHI,OL,00-0037089
1361,2024,GB,WR,00-0037091
1362,2024,WAS,OL,00-0037092
1363,2024,SEA,WR,00-0037093
1364,2024,GB,DL,00-0037094
1365,2024,WAS,DB,00-0037095
1366,2024,CHI,DB,00-0037096
1367,2024,DEN,P,00-0037097
1368,2024,GB,WR,00-0037098
1369,2024,CHI,DB,00-0037106
1370,2024,CHI,LB,00-0037109
1371,2024,SF,TE,00-0037112
1372,2024,IND,RB,00-0037120
1373,2024,GB,OL,00-0037122
1374,2024,CHI,DB,00-0037129
1375,2024,PHI,DB,00-0037130
1376,2024,PHI,WR,00-0037132
1377,2024,PHI,DB,00-0037136
1378,2024,PHI,DB,00-0037137
1379,2024,IND,OL,00-0037138
1380,2024,ARI,DB,00-0037141
1381,2024,SEA,DL,00-0037149
1382,2024,SEA,DL,00-0037152
1383,2024,TB,LB,00-0037153
1384,2024,NYJ,DB,00-0037155
1385,2024,NYJ,WR,00-0037156
1386,2024,DET,RB,00-0037157
1387,2024,MIN,OL,00-0037167
1388,2024,WAS,TE,00-0037168
1389,2024,LV,QB,00-0037175
1390,2024,PIT,LB,00-0037179
1391,2024,BAL,DL,00-0037181
1392,2024,BAL,LB,00-0037184
1393,2024,TB,WR,00-0037185
1394,2024,NYJ,DB,00-0037190
1395,2024,KC,DB,00-0037191
1396,2024,KC,DL,00-0037192
1397,2024,KC,DB,00-0037193
1398,2024,PHI,OL,00-0037194
1399,2024,KC,DB,00-0037195
1400,2024,GB,OL,00-0037196
1401,2024,KC,RB,00-0037197
1402,2024,KC,DB,00-0037198
1403,2024,CAR,DL,00-0037203
1404,2024,NE,DB,00-0037205
1405,2024,KC,OL,00-0037207
1406,2024,KC,LB,00-0037208
1407,2024,ATL,LB,00-0037213
1408,2024,KC,WR,00-0037216
1409,2024,LAC,K,00-0037224
1410,2024,NYJ,OL,00-0037225
1411,2024,PIT,RB,00-0037228
1412,2024,CAR,OL,00-0037229
1413,2024,KC,TE,00-0037233
1414,2024,JAX,LB,00-0037235
1415,2024,DET,DL,00-0037236
1416,2024,HOU,DB,00-0037237
1417,2024,ATL,WR,00-0037238
1418,2024,NO,WR,00-0037239
1419,2024,DET,WR,00-0037240
1420,2024,NO,OL,00-0037241
1421,2024,BUF,DB,00-0037242
1422,2024,DAL,OL,00-0037243
1423,2024,JAX,LB,00-0037244
1424,2024,MIN,DB,00-0037245
1425,2024,HOU,DB,00-0037246
1426,2024,PIT,WR,00-0037247
1427,2024,BUF,RB,00-0037248
1428,2024,DEN,LB,00-0037249
1429,2024,CLE,DB,00-0037250
1430,2024,CLE,DL,00-0037251
1431,2024,DEN,TE,00-0037252
1432,2024,NE,DB,00-0037253
1433,2024,BUF,LB,00-0037254
1434,2024,LV,OL,00-0037255
1435,2024,TB,RB,00-0037256
1436,2024,CLE,WR,00-0037257
1437,2024,HOU,RB,00-0037258
1438,2024,NYG,LB,00-0037259
1439,2024,NYG,DL,00-0037260
1440,2024,BUF,WR,00-0037261
1441,2024,PHI,DL,00-0037262
1442,2024,ATL,RB,00-0037263
1443,2024,DEN,DB,00-0037264
1444,2024,DAL,RB,00-0037265
1445,2024,DAL,OL,00-0037266
1446,2024,CLE,RB,00-0037267
1447,2024,TB,DB,00-0037268
1448,2024,IND,DL,00-0037269
1449,2024,LAC,DL,00-0037270
1450,2024,NO,LB,00-0037271
1451,2024,KC,WR,00-0037272
1452,2024,TEN,WR,00-0037273
1453,2024,JAX,DL,00-0037274
1454,2024,DAL,DB,00-0037275
1455,2024,MIN,RB,00-0037276
1456,2024,HOU,TE,00-0037277
1457,2024,DEN,OL,00-0037278
1458,2024,NYG,OL,00-0037279
1459,2024,LV,DL,00-0037280
1460,2024,DAL,LB,00-0037281
1461,2024,DET,TE,00-0037282
1462,2024,WAS,DL,00-0037283
1463,2024,KC,P,00-0037284
1464,2024,NYG,LB,00-0037285
1465,2024,NE,RB,00-0037286
1466,2024,NE,OL,00-0037287
1467,2024,BUF,DB,00-0037288
1468,2024,DET,LB,00-0037289
1469,2024,MIN,WR,00-0037291
1470,2024,IND,TE,00-0037292
1471,2024,CIN,LB,00-0037293
1472,2024,DEN,DL,00-0037294
1473,2024,LAC,OL,00-0037295
1474,2024,JAX,DB,00-0037296
1475,2024,CAR,OL,00-0037297
1476,2024,NE,DL,00-0037298
1477,2024,KC,RB,00-0037299
1478,2024,CLE,WR,00-0037300
1479,2024,MIN,DB,00-0037301
1480,2024,NYJ,OL,00-0037302
1481,2024,DEN,DL,00-0037303
1482,2024,PIT,TE,00-0037304
1483,2024,GB,OL,00-0037305
1484,2024,ATL,TE,00-0037306
1485,2024,LAC,DB,00-0037307
1486,2024,GB,OL,00-0037308
1487,2024,DET,DL,00-0037310
1488,2024,TB,TE,00-0037311
1489,2024,TEN,LB,00-0037312
1490,2024,JAX,DB,00-0037313
1491,2024,CLE,DL,00-0037314
1492,2024,MIA,LB,00-0037315
1493,2024,PIT,LB,00-0037316
1494,2024,MIN,TE,00-0037317
1495,2024,BUF,LB,00-0037318
1496,2024,NO,DB,00-0037319
1497,2024,LAC,DB,00-0037320
1498,2024,SF,DB,00-0037321
1499,2024,LV,OL,00-0037322
1500,2024,IND,DB,00-0037323
1501,2024,KC,QB,00-0037324
1502,2024,PIT,DB,00-0037325
1503,2024,MIA,QB,00-0037327
1504,2024,LV,RB,00-0037329
1505,2024,ARI,LB,00-0037330
1506,2024,NO,RB,00-0037331
1507,2024,CLE,DB,00-0037332
1508,2024,DAL,OL,00-0037336
1509,2024,LA,DB,00-0037337
1510,2024,CLE,TE,00-0037340
1511,2024,MIA,WR,00-0037348
1512,2024,MIA,DB,00-0037353
1513,2024,ARI,DB,00-0037354
1514,2024,MIA,WR,00-0037355
1515,2024,ARI,DL,00-0037356
1516,2024,LV,DL,00-0037363
1517,2024,GB,LB,00-0037364
1518,2024,GB,DB,00-0037373
1519,2024,LAC,DL,00-0037375
1520,2024,PIT,DB,00-0037377
1521,2024,DET,WR,00-0037380
1522,2024,SF,OL,00-0037381
1523,2024,DEN,WR,00-0037382
1524,2024,LV,LB,00-0037383
1525,2024,DEN,DB,00-0037384
1526,2024,DET,OL,00-0037385
1527,2024,DEN,WR,00-0037387
1528,2024,IND,DB,00-0037392
1529,2024,TEN,LB,00-0037393
1530,2024,IND,WR,00-0037394
1531,2024,IND,DB,00-0037395
1532,2024,IND,OL,00-0037396
1533,2024,BUF,OL,00-0037404
1534,2024,NYG,RB,00-0037410
1535,2024,CIN,LS,00-0037412
1536,2024,LV,OL,00-0037413
1537,2024,CIN,OL,00-0037414
1538,2024,CIN,DB,00-0037415
1539,2024,CIN,WR,00-0037420
1540,2024,CIN,WR,00-0037422
1541,2024,BUF,OL,00-0037428
1542,2024,CAR,RB,00-0037429
1543,2024,BUF,DL,00-0037431
1544,2024,NYJ,OL,00-0037440
1545,2024,BUF,OL,00-0037441
1546,2024,NYG,LB,00-0037447
1547,2024,LV,RB,00-0037450
1548,2024,PIT,TE,00-0037451
1549,2024,HOU,RB,00-0037456
1550,2024,HOU,LB,00-0037457
1551,2024,HOU,DL,00-0037459
1552,2024,HOU,WR,00-0037460
1553,2024,PHI,DB,00-0037461
1554,2024,ARI,LB,00-0037469
1555,2024,LAC,DL,00-0037474
1556,2024,LAC,TE,00-0037475
1557,2024,PIT,OL,00-0037480
1558,2024,LA,LB,00-0037481
1559,2024,TB,WR,00-0037487
1560,2024,TB,LB,00-0037491
1561,2024,TEN,DB,00-0037493
1562,2024,SEA,RB,00-0037495
1563,2024,CAR,LB,00-0037499
1564,2024,MIN,P,00-0037500
1565,2024,LV,LB,00-0037503
1566,2024,LV,TE,00-0037506
1567,2024,LV,RB,00-0037509
1568,2024,LV,DB,00-0037512
1569,2024,LA,LB,00-0037515
1570,2024,LV,DB,00-0037516
1571,2024,LV,LB,00-0037517
1572,2024,SF,DB,00-0037521
1573,2024,SF,WR,00-0037524
1574,2024,SF,RB,00-0037525
1575,2024,NYJ,LB,00-0037526
1576,2024,IND,LB,00-0037527
1577,2024,PHI,OL,00-0037529
1578,2024,CLE,DB,00-0037536
1579,2024,IND,OL,00-0037537
1580,2024,DEN,TE,00-0037539
1581,2024,MIN,K,00-0037542
1582,2024,NO,LB,00-0037544
1583,2024,NO,WR,00-0037545
1584,2024,GB,P,00-0037547
1585,2024,IND,DB,00-0037549
1586,2024,LA,RB,00-0037557
1587,2024,CAR,LB,00-0037560
1588,2024,DAL,DB,00-0037561
1589,2024,DAL,RB,00-0037563
1590,2024,DAL,TE,00-0037569
1591,2024,NYG,WR,00-0037570
1592,2024,DAL,DB,00-0037578
1593,2024,LAC,DB,00-0037583
1594,2024,NYG,DL,00-0037585
1595,2024,ATL,LB,00-0037587
1596,2024,ATL,OL,00-0037590
1597,2024,TEN,OL,00-0037591
1598,2024,TEN,DB,00-0037593
1599,2024,TEN,RB,00-0037594
1600,2024,TEN,LB,00-0037596
1601,2024,LV,OL,00-0037600
1602,2024,NYJ,OL,00-0037601
1603,2024,SF,DL,00-0037602
1604,2024,CLE,DL,00-0037603
1605,2024,TEN,OL,00-0037605
1606,2024,TEN,P,00-0037607
1607,2024,BAL,DB,00-0037608
1608,2024,PIT,RB,00-0037609
1609,2024,MIN,P,00-0037610
1610,2024,NYG,LB,00-0037611
1611,2024,NYG,OL,00-0037612
1612,2024,HOU,OL,00-0037613
1613,2024,HOU,WR,00-0037614
1614,2024,PHI,LB,00-0037615
1615,2024,IND,DB,00-0037616
1616,2024,TEN,RB,00-0037617
1617,2024,LA,OL,00-0037618
1618,2024,MIA,OL,00-0037619
1619,2024,NE,OL,00-0037620
1620,2024,NYG,DL,00-0037621
1621,2024,NYJ,OL,00-0037625
1622,2024,TB,DL,00-0037627
1623,2024,LA,LB,00-0037633
1624,2024,NYG,LB,00-0037638
1625,2024,ATL,TE,00-0037654
1626,2024,BUF,DB,00-0037661
1627,2024,TB,DL,00-0037662
1628,2024,NYJ,LB,00-0037663
1629,2024,IND,WR,00-0037664
1630,2024,DAL,DL,00-0037665
1631,2024,DAL,WR,00-0037666
1632,2024,DET,DB,00-0037667
1633,2024,ATL,DB,00-0037670
1634,2024,DAL,K,00-0037692
1635,2024,DET,WR,00-0037708
1636,2024,NE,DL,00-0037711
1637,2024,NE,TE,00-0037724
1638,2024,NYJ,WR,00-0037740
1639,2024,WAS,WR,00-0037741
1640,2024,TEN,WR,00-0037742
1641,2024,CIN,DB,00-0037743
1642,2024,ARI,TE,00-0037744
1643,2024,CHI,WR,00-0037745
1644,2024,WAS,RB,00-0037746
1645,2024,BAL,DB,00-0037747
1646,2024,ARI,OL,00-0037748
1647,2024,CIN,DB,00-0037752
1648,2024,CIN,DB,00-0037753
1649,2024,TEN,OL,00-0037754
1650,2024,IND,TE,00-0037755
1651,2024,BAL,DL,00-0037756
1652,2024,IND,OL,00-0037757
1653,2024,NYG,DB,00-0037758
1654,2024,PIT,DL,00-0037759
1655,2024,CIN,DL,00-0037760
1656,2024,DAL,WR,00-0037801
1657,2024,CIN,DL,00-0037804
1658,2024,NYJ,TE,00-0037805
1659,2024,NYG,OL,00-0037807
1660,2024,ATL,LB,00-0037808
1661,2024,TEN,TE,00-0037809
1662,2024,ATL,LB,00-0037810
1663,2024,JAX,LB,00-0037811
1664,2024,SEA,OL,00-0037812
1665,2024,MIA,LB,00-0037813
1666,2024,JAX,OL,00-0037814
1667,2024,ARI,LB,00-0037815
1668,2024,GB,WR,00-0037816
1669,2024,GB,OL,00-0037817
1670,2024,LAC,OL,00-0037818
1671,2024,KC,LB,00-0037819
1672,2024,SEA,OL,00-0037821
1673,2024,MIN,LB,00-0037822
1674,2024,HOU,LB,00-0037823
1675,2024,BAL,OL,00-0037825
1676,2024,SF,DL,00-0037826
1677,2024,PHI,RB,00-0037827
1678,2024,SF,WR,00-0037828
1679,2024,SF,OL,00-0037829
1680,2024,SF,DB,00-0037830
1681,2024,SF,OL,00-0037831
1682,2024,SF,DL,00-0037832
1683,2024,WAS,DB,00-0037833
1684,2024,SF,QB,00-0037834
1685,2024,TB,OL,00-0037835
1686,2024,LA,OL,00-0037836
1687,2024,PIT,WR,00-0037837
1688,2024,BAL,TE,00-0037838
1689,2024,LA,DB,00-0037839
1690,2024,LA,RB,00-0037840
1691,2024,LA,DB,00-0037841
1692,2024,LA,DB,00-0037842
1693,2024,CHI,LB,00-0037843
1694,2024,LA,DB,00-0037844
1695,2024,LA,OL,00-0037845
1696,2024,BAL,DB,00-0037984
1697,2024,BAL,DB,00-0038038
1698,2024,LV,DB,00-0038039
1699,2024,LV,RB,00-0038040
1700,2024,DAL,TE,00-0038041
1701,2024,TB,P,00-0038042
1702,2024,KC,DB,00-0038043
1703,2024,LAC,RB,00-0038045
1704,2024,BAL,TE,00-0038046
1705,2024,WAS,OL,00-0038073
1706,2024,KC,WR,00-0038090
1707,2024,LAC,DB,00-0038091
1708,2024,MIA,WR,00-0038092
1709,2024,KC,DL,00-0038093
1710,2024,BAL,P,00-0038094
1711,2024,CIN,OL,00-0038095
1712,2024,DET,DL,00-0038096
1713,2024,CLE,K,00-0038097
1714,2024,CLE,RB,00-0038098
1715,2024,WAS,DL,00-0038099
1716,2024,WAS,DB,00-0038100
1717,2024,MIN,DB,00-0038101
1718,2024,PHI,QB,00-0038102
1719,2024,NE,OL,00-0038103
1720,2024,NE,WR,00-0038104
1721,2024,DEN,DB,00-0038105
1722,2024,NYJ,DL,00-0038107
1723,2024,NE,QB,00-0038108
1724,2024,CHI,DB,00-0038111
1725,2024,PHI,OL,00-0038112
1726,2024,PHI,LB,00-0038113
1727,2024,NYJ,OL,00-0038114
1728,2024,NYG,TE,00-0038115
1729,2024,ATL,LB,00-0038116
1730,2024,NYG,WR,00-0038117
1731,2024,BAL,OL,00-0038118
1732,2024,BAL,DB,00-0038119
1733,2024,NYJ,RB,00-0038120
1734,2024,NO,DB,00-0038121
1735,2024,ARI,QB,00-0038122
1736,2024,NYG,DB,00-0038123
1737,2024,GB,WR,00-0038124
1738,2024,TEN,DB,00-0038125
1739,2024,TB,DL,00-0038127
1740,2024,TEN,QB,00-0038128
1741,2024,TB,TE,00-0038129
1742,2024,MIN,DB,00-0038130
1743,2024,MIN,OL,00-0038131
1744,2024,SEA,LB,00-0038133
1745,2024,SEA,RB,00-0038134
1746,2024,CHI,DB,00-0038135
1747,2024,SEA,DB,00-0038136
1748,2024,BAL,LB,00-0038142
1749,2024,IND,DB,00-0038143
1750,2024,TEN,TE,00-0038145
1751,2024,ATL,WR,00-0038147
1752,2024,ATL,WR,00-0038149
1753,2024,NYG,QB,00-0038150
1754,2024,CLE,K,00-0038152
1755,2024,MIN,WR,00-0038181
1756,2024,ATL,OL,00-0038304
1757,2024,DAL,DB,00-0038348
1758,2024,LA,K,00-0038354
1759,2024,LA,OL,00-0038358
1760,2024,LA,WR,00-0038359
1761,2024,LA,LS,00-0038360
1762,2024,LA,DB,00-0038366
1763,2024,CHI,DB,00-0038368
1764,2024,WAS,DB,00-0038381
1765,2024,BAL,OL,00-0038382
1766,2024,BAL,OL,00-0038383
1767,2024,LA,QB,00-0038385
1768,2024,PHI,DL,00-0038386
1769,2024,GB,DL,00-0038387
1770,2024,PIT,DB,00-0038388
1771,2024,NYJ,RB,00-0038389
1772,2024,CHI,LB,00-0038390
1773,2024,GB,QB,00-0038391
1774,2024,IND,DB,00-0038392
1775,2024,GB,WR,00-0038393
1776,2024,IND,TE,00-0038394
1777,2024,CHI,DB,00-0038395
1778,2024,NYG,RB,00-0038396
1779,2024,IND,RB,00-0038397
1780,2024,GB,DL,00-0038398
1781,2024,NYJ,LB,00-0038399
1782,2024,PHI,QB,00-0038400
1783,2024,NYJ,DB,00-0038401
1784,2024,GB,K,00-0038402
1785,2024,NYG,DB,00-0038403
1786,2024,IND,DL,00-0038404
1787,2024,CIN,DL,00-0038405
1788,2024,NYJ,TE,00-0038406
1789,2024,IND,DB,00-0038407
1790,2024,GB,DB,00-0038408
1791,2024,PHI,RB,00-0038409
1792,2024,IND,OL,00-0038410
1793,2024,GB,DB,00-0038411
1794,2024,PHI,DL,00-0038412
1795,2024,NYG,DB,00-0038413
1796,2024,BUF,DB,00-0038414
1797,2024,CHI,QB,00-0038416
1798,2024,CHI,LB,00-0038417
1799,2024,ATL,RB,00-0038419
1800,2024,WAS,DL,00-0038423
1801,2024,TB,OL,00-0038426
1802,2024,IND,LB,00-0038429
1803,2024,ATL,LB,00-0038437
1804,2024,IND,RB,00-0038440
1805,2024,BAL,DL,00-0038448
1806,2024,BAL,OL,00-0038452
1807,2024,BAL,RB,00-0038454
1808,2024,BAL,WR,00-0038455
1809,2024,ARI,TE,00-0038456
1810,2024,BAL,RB,00-0038458
1811,2024,BAL,OL,00-0038459
1812,2024,GB,DL,00-0038462
1813,2024,GB,LB,00-0038463
1814,2024,GB,WR,00-0038465
1815,2024,GB,TE,00-0038468
1816,2024,GB,DB,00-0038470
1817,2024,GB,OL,00-0038471
1818,2024,PIT,WR,00-0038472
1819,2024,CAR,DB,00-0038475
1820,2024,NYG,QB,00-0038476
1821,2024,NYG,WR,00-0038477
1822,2024,GB,DB,00-0038478
1823,2024,NYG,LB,00-0038479
1824,2024,CHI,LS,00-0038481
1825,2024,PHI,DB,00-0038482
1826,2024,PHI,WR,00-0038484
1827,2024,PHI,DB,00-0038487
1828,2024,SEA,TE,00-0038488
1829,2024,PHI,LB,00-0038489
1830,2024,TEN,P,00-0038490
1831,2024,GB,DL,00-0038491
1832,2024,NYJ,WR,00-0038492
1833,2024,CAR,LB,00-0038493
1834,2024,KC,DB,00-0038494
1835,2024,NYJ,WR,00-0038496
1836,2024,PHI,TE,00-0038498
1837,2024,CLE,LB,00-0038499
1838,2024,LAC,OL,00-0038500
1839,2024,NE,WR,00-0038502
1840,2024,BAL,LB,00-0038504
1841,2024,BAL,LB,00-0038505
1842,2024,NYG,DL,00-0038506
1843,2024,GB,WR,00-0038507
1844,2024,CHI,OL,00-0038509
1845,2024,PIT,OL,00-0038511
1846,2024,KC,LB,00-0038513
1847,2024,KC,DL,00-0038514
1848,2024,KC,RB,00-0038518
1849,2024,KC,WR,00-0038519
1850,2024,DEN,DB,00-0038521
1851,2024,CLE,DB,00-0038523
1852,2024,CAR,LB,00-0038535
1853,2024,CAR,OL,00-0038536
1854,2024,CAR,OL,00-0038537
1855,2024,ARI,OL,00-0038540
1856,2024,LV,DL,00-0038541
1857,2024,ATL,RB,00-0038542
1858,2024,SEA,WR,00-0038543
1859,2024,LAC,WR,00-0038544
1860,2024,DAL,DL,00-0038545
1861,2024,CIN,DL,00-0038546
1862,2024,DAL,TE,00-0038547
1863,2024,BUF,OL,00-0038548
1864,2024,CIN,DB,00-0038549
1865,2024,DET,QB,00-0038550
1866,2024,NO,RB,00-0038551
1867,2024,DEN,DB,00-0038552
1868,2024,LAC,LB,00-0038553
1869,2024,SF,DB,00-0038554
1870,2024,JAX,RB,00-0038555
1871,2024,DAL,LB,00-0038556
1872,2024,BUF,LB,00-0038557
1873,2024,PIT,TE,00-0038558
1874,2024,ARI,WR,00-0038559
1875,2024,CIN,DB,00-0038560
1876,2024,CLE,DL,00-0038561
1877,2024,SF,K,00-0038562
1878,2024,LV,WR,00-0038563
1879,2024,SF,TE,00-0038564
1880,2024,MIN,DB,00-0038565
1881,2024,NO,OL,00-0038566
1882,2024,NE,K,00-0038567
1883,2024,ATL,DB,00-0038568
1884,2024,NE,OL,00-0038569
1885,2024,JAX,LB,00-0038570
1886,2024,ARI,OL,00-0038571
1887,2024,SEA,DL,00-0038572
1888,2024,LAC,WR,00-0038573
1889,2024,CLE,DL,00-0038574
1890,2024,DAL,DL,00-0038575
1891,2024,CIN,WR,00-0038576
1892,2024,PIT,LB,00-0038577
1893,2024,MIN,DB,00-0038578
1894,2024,LV,QB,00-0038579
1895,2024,JAX,LB,00-0038580
1896,2024,WAS,DL,00-0038581
1897,2024,ARI,QB,00-0038582
1898,2024,CLE,QB,00-0038583
1899,2024,MIN,DL,00-0038584
1900,2024,CLE,DB,00-0038585
1901,2024,NE,OL,00-0038586
1902,2024,CAR,DB,00-0038587
1903,2024,NO,DB,00-0038588
1904,2024,TEN,TE,00-0038589
1905,2024,BUF,WR,00-0038590
1906,2024,SEA,DL,00-0038591
1907,2024,DET,OL,00-0038592
1908,2024,SEA,OL,00-0038593
1909,2024,SF,DB,00-0038594
1910,2024,LAC,OL,00-0038595
1911,2024,JAX,DB,00-0038596
1912,2024,CIN,RB,00-0038597
1913,2024,MIN,QB,00-0038598
1914,2024,HOU,LB,00-0038599
1915,2024,ARI,LB,00-0038600
1916,2024,DAL,OL,00-0038601
1917,2024,LV,DB,00-0038602
1918,2024,SF,DL,00-0038603
1919,2024,DAL,DB,00-0038604
1920,2024,DEN,DB,00-0038605
1921,2024,JAX,WR,00-0038606
1922,2024,TEN,OL,00-0038607
1923,2024,NE,WR,00-0038608
1924,2024,CLE,OL,00-0038609
1925,2024,NE,P,00-0038610
1926,2024,WAS,RB,00-0038611
1927,2024,NO,WR,00-0038612
1928,2024,SEA,DB,00-0038613
1929,2024,LAC,DL,00-0038614
1930,2024,HOU,OL,00-0038615
1931,2024,JAX,DB,00-0038616
1932,2024,LV,LB,00-0038617
1933,2024,HOU,WR,00-0038618
1934,2024,CIN,WR,00-0038619
1935,2024,JAX,DB,00-0038620
1936,2024,NE,WR,00-0038621
1937,2024,DAL,RB,00-0038622
1938,2024,ARI,DL,00-0038623
1939,2024,IND,DB,00-0038624
1940,2024,SF,LB,00-0038625
1941,2024,CIN,P,00-0038626
1942,2024,DET,WR,00-0038627
1943,2024,ATL,DB,00-0038628
1944,2024,ATL,OL,00-0038629
1945,2024,JAX,OL,00-0038630
1946,2024,TEN,WR,00-0038632
1947,2024,HOU,OL,00-0038633
1948,2024,LV,DL,00-0038634
1949,2024,WAS,DL,00-0038635
1950,2024,SEA,RB,00-0038636
1951,2024,LAC,QB,00-0038637
1952,2024,PIT,DB,00-0038639
1953,2024,DAL,WR,00-0038640
1954,2024,NE,DB,00-0038641
1955,2024,CIN,DB,00-0038642
1956,2024,SF,TE,00-0038643
1957,2024,HOU,DB,00-0038644
1958,2024,PIT,OL,00-0038645
1959,2024,NE,DB,00-0038646
1960,2024,SF,WR,00-0038647
1961,2024,SF,LB,00-0038648
1962,2024,DEN,OL,00-0038649
1963,2024,NYG,WR,00-0038651
1964,2024,LA,DL,00-0038653
1965,2024,DET,OL,00-0038654
1966,2024,DET,DB,00-0038655
1967,2024,DET,DB,00-0038657
1968,2024,ARI,LB,00-0038660
1969,2024,DET,DL,00-0038661
1970,2024,ARI,DB,00-0038663
1971,2024,JAX,DL,00-0038666
1972,2024,JAX,WR,00-0038667
1973,2024,NYG,DB,00-0038668
1974,2024,ARI,DB,00-0038674
1975,2024,BUF,OL,00-0038676
1976,2024,NO,RB,00-0038678
1977,2024,BUF,WR,00-0038679
1978,2024,BUF,WR,00-0038680
1979,2024,DET,LB,00-0038682
1980,2024,MIA,DB,00-0038684
1981,2024,MIA,RB,00-0038685
1982,2024,MIA,DL,00-0038694
1983,2024,DEN,DB,00-0038696
1984,2024,MIA,LB,00-0038700
1985,2024,ARI,WR,00-0038702
1986,2024,IND,DB,00-0038703
1987,2024,ARI,RB,00-0038705
1988,2024,PIT,DL,00-0038708
1989,2024,ARI,TE,00-0038710
1990,2024,CLE,LB,00-0038711
1991,2024,KC,RB,00-0038714
1992,2024,CLE,DB,00-0038715
1993,2024,DEN,DB,00-0038717
1994,2024,CLE,DL,00-0038718
1995,2024,CLE,LB,00-0038719
1996,2024,MIA,TE,00-0038720
1997,2024,PIT,OL,00-0038721
1998,2024,HOU,DL,00-0038724
1999,2024,NYJ,RB,00-0038727
2000,2024,HOU,WR,00-0038728
2001,2024,HOU,OL,00-0038729
2002,2024,DAL,OL,00-0038731
2003,2024,DAL,OL,00-0038732
2004,2024,DAL,WR,00-0038734
2005,2024,DAL,TE,00-0038735
2006,2024,DAL,DL,00-0038736
2007,2024,IND,DL,00-0038737
2008,2024,DAL,RB,00-0038738
2009,2024,DAL,WR,00-0038740
2010,2024,DAL,WR,00-0038741
2011,2024,DAL,DL,00-0038742
2012,2024,PIT,DL,00-0038746
2013,2024,SEA,WR,00-0038752
2014,2024,SEA,DB,00-0038753
2015,2024,CLE,WR,00-0038762
2016,2024,SEA,LB,00-0038764
2017,2024,SEA,DB,00-0038765
2018,2024,SEA,LS,00-0038769
2019,2024,SEA,DB,00-0038770
2020,2024,GB,DB,00-0038773
2021,2024,CAR,OL,00-0038775
2022,2024,CAR,OL,00-0038776
2023,2024,NO,DB,00-0038781
2024,2024,CAR,LB,00-0038782
2025,2024,DEN,TE,00-0038783
2026,2024,MIN,OL,00-0038785
2027,2024,DEN,DB,00-0038788
2028,2024,HOU,DL,00-0038790
2029,2024,DEN,LB,00-0038791
2030,2024,DEN,OL,00-0038792
2031,2024,DEN,RB,00-0038794
2032,2024,PHI,DL,00-0038795
2033,2024,DEN,OL,00-0038796
2034,2024,GB,RB,00-0038797
2035,2024,MIN,LB,00-0038800
2036,2024,MIN,LB,00-0038801
2037,2024,TB,WR,00-0038805
2038,2024,MIN,WR,00-0038806
2039,2024,MIN,LB,00-0038807
2040,2024,GB,K,00-0038808
2041,2024,GB,TE,00-0038809
2042,2024,MIN,WR,00-0038810
2043,2024,MIN,DB,00-0038811
2044,2024,MIN,DB,00-0038812
2045,2024,TB,LS,00-0038817
2046,2024,TB,OL,00-0038818
2047,2024,TB,DB,00-0038819
2048,2024,TB,DB,00-0038820
2049,2024,TB,WR,00-0038821
2050,2024,TB,DB,00-0038823
2051,2024,TB,WR,00-0038824
2052,2024,SEA,OL,00-0038826
2053,2024,TB,TE,00-0038828
2054,2024,WAS,WR,00-0038830
2055,2024,WAS,OL,00-0038832
2056,2024,WAS,WR,00-0038839
2057,2024,WAS,WR,00-0038840
2058,2024,WAS,DB,00-0038841
2059,2024,SF,DL,00-0038842
2060,2024,TEN,WR,00-0038844
2061,2024,TEN,DB,00-0038845
2062,2024,TEN,DB,00-0038848
2063,2024,TEN,DL,00-0038850
2064,2024,TEN,LB,00-0038851
2065,2024,TEN,OL,00-0038852
2066,2024,TEN,LB,00-0038853
2067,2024,TEN,LB,00-0038854
2068,2024,LAC,DL,00-0038861
2069,2024,LAC,RB,00-0038862
2070,2024,LAC,LB,00-0038865
2071,2024,LAC,DB,00-0038866
2072,2024,PIT,RB,00-0038875
2073,2024,PIT,OL,00-0038876
2074,2024,CAR,DB,00-0038877
2075,2024,CAR,OL,00-0038880
2076,2024,GB,DL,00-0038882
2077,2024,CIN,LB,00-0038890
2078,2024,CIN,WR,00-0038891
2079,2024,CIN,OL,00-0038892
2080,2024,CIN,DL,00-0038893
2081,2024,PIT,LB,00-0038895
2082,2024,PHI,WR,00-0038902
2083,2024,NO,OL,00-0038903
2084,2024,NO,K,00-0038905
2085,2024,NO,P,00-0038906
2086,2024,ATL,DB,00-0038907
2087,2024,NO,LB,00-0038908
2088,2024,BAL,WR,00-0038911
2089,2024,SEA,OL,00-0038914
2090,2024,LV,DB,00-0038915
2091,2024,NE,DB,00-0038916
2092,2024,LV,TE,00-0038920
2093,2024,SEA,LB,00-0038922
2094,2024,LV,OL,00-0038923
2095,2024,TB,OL,00-0038924
2096,2024,ATL,RB,00-0038930
2097,2024,CHI,OL,00-0038932
2098,2024,BUF,TE,00-0038933
2099,2024,JAX,OL,00-0038934
2100,2024,JAX,TE,00-0038935
2101,2024,HOU,OL,00-0038936
2102,2024,CHI,DL,00-0038937
2103,2024,NYG,WR,00-0038938
2104,2024,DET,DL,00-0038939
2105,2024,JAX,DL,00-0038940
2106,2024,CHI,WR,00-0038941
2107,2024,LA,DB,00-0038946
2108,2024,LA,OL,00-0038947
2109,2024,TB,RB,00-0038951
2110,2024,ATL,WR,00-0038953
2111,2024,PIT,WR,00-0038954
2112,2024,KC,DB,00-0038956
2113,2024,TB,LB,00-0038958
2114,2024,TEN,DB,00-0038961
2115,2024,GB,RB,00-0038965
2116,2024,ATL,DB,00-0038966
2117,2024,TEN,WR,00-0038969
2118,2024,DEN,WR,00-0038976
2119,2024,HOU,WR,00-0038977
2120,2024,LV,DL,00-0038978
2121,2024,CLE,WR,00-0038979
2122,2024,ATL,DL,00-0038980
2123,2024,KC,OL,00-0038981
2124,2024,KC,DB,00-0038982
2125,2024,KC,DL,00-0038983
2126,2024,ARI,DB,00-0038984
2127,2024,TEN,DL,00-0038985
2128,2024,KC,DB,00-0038986
2129,2024,MIN,WR,00-0038994
2130,2024,NO,DL,00-0038995
2131,2024,GB,TE,00-0038996
2132,2024,IND,WR,00-0038997
2133,2024,NO,QB,00-0038998
2134,2024,IND,TE,00-0038999
2135,2024,NYG,DB,00-0039000
2136,2024,PHI,OL,00-0039001
2137,2024,PHI,DB,00-0039002
2138,2024,DEN,LB,00-0039003
2139,2024,NYJ,OL,00-0039004
2140,2024,HOU,OL,00-0039005
2141,2024,KC,DL,00-0039006
2142,2024,ARI,DB,00-0039007
2143,2024,WAS,OL,00-0039008
2144,2024,HOU,DL,00-0039009
2145,2024,WAS,OL,00-0039010
2146,2024,PHI,LB,00-0039013
2147,2024,CLE,OL,00-0039014
2148,2024,DET,LB,00-0039018
2149,2024,NYG,OL,00-0039019
2150,2024,SEA,OL,00-0039020
2151,2024,CHI,RB,00-0039021
2152,2024,GB,TE,00-0039023
2153,2024,NE,OL,00-0039030
2154,2024,IND,DL,00-0039031
2155,2024,TEN,RB,00-0039032
2156,2024,TEN,OL,00-0039034
2157,2024,MIA,RB,00-0039040
2158,2024,ARI,TE,00-0039041
2159,2024,MIA,OL,00-0039042
2160,2024,MIN,RB,00-0039046
2161,2024,SEA,LB,00-0039047
2162,2024,ATL,OL,00-0039048
2163,2024,TB,LB,00-0039049
2164,2024,TB,TE,00-0039050
2165,2024,TB,DB,00-0039051
2166,2024,TB,WR,00-0039052
2167,2024,TB,LB,00-0039053
2168,2024,NE,LB,00-0039054
2169,2024,LA,OL,00-0039058
2170,2024,LA,P,00-0039059
2171,2024,LA,DB,00-0039060
2172,2024,LA,DL,00-0039061
2173,2024,CAR,WR,00-0039062
2174,2024,TB,DL,00-0039063
2175,2024,BAL,WR,00-0039064
2176,2024,DET,TE,00-0039065
2177,2024,LV,TE,00-0039066
2178,2024,KC,WR,00-0039067
2179,2024,TB,LB,00-0039068
2180,2024,IND,DB,00-0039069
2181,2024,CHI,DL,00-0039070
2182,2024,CHI,DB,00-0039071
2183,2024,LV,DB,00-0039072
2184,2024,LA,TE,00-0039074
2185,2024,LA,WR,00-0039075
2186,2024,LA,LB,00-0039076
2187,2024,LA,OL,00-0039077
2188,2024,WAS,LB,00-0039099
2189,2024,LA,QB,00-0039107
2190,2024,HOU,DL,00-0039108
2191,2024,PIT,OL,00-0039109
2192,2024,PIT,DL,00-0039110
2193,2024,LAC,DL,00-0039111
2194,2024,GB,LB,00-0039112
2195,2024,MIA,DB,00-0039133
2196,2024,LA,DB,00-0039134
2197,2024,LA,LB,00-0039135
2198,2024,LA,RB,00-0039136
2199,2024,LA,LB,00-0039137
2200,2024,LA,DL,00-0039138
2201,2024,DET,RB,00-0039139
2202,2024,PHI,DB,00-0039140
2203,2024,DET,DB,00-0039141
2204,2024,NYJ,LB,00-0039142
2205,2024,NO,DL,00-0039143
2206,2024,GB,TE,00-0039144
2207,2024,NYJ,OL,00-0039145
2208,2024,GB,WR,00-0039146
2209,2024,NE,DB,00-0039147
2210,2024,NE,DL,00-0039148
2211,2024,WAS,DB,00-0039149
2212,2024,CAR,QB,00-0039150
2213,2024,WAS,DB,00-0039151
2214,2024,TEN,QB,00-0039152
2215,2024,ARI,LB,00-0039155
2216,2024,IND,DB,00-0039156
2217,2024,TB,OL,00-0039157
2218,2024,IND,OL,00-0039158
2219,2024,HOU,QB,00-0039163
2220,2024,IND,QB,00-0039164
2221,2024,SEA,RB,00-0039165
2222,2024,SEA,DB,00-0039166
2223,2024,PIT,DB,00-0039167
2224,2024,SEA,DB,00-0039169
2225,2024,GB,DL,00-0039173
2226,2024,KC,OL,00-0039174
2227,2024,CAR,DL,00-0039175
2228,2024,LAC,DL,00-0039176
2229,2024,LV,DL,00-0039177
2230,2024,IND,LB,00-0039178
2231,2024,TB,DL,00-0039206
2232,2024,DEN,LB,00-0039207
2233,2024,KC,RB,00-0039228
2234,2024,NO,K,00-0039229
2235,2024,NYG,RB,00-0039230
2236,2024,JAX,TE,00-0039231
2237,2024,BAL,DB,00-0039232
2238,2024,BAL,OL,00-0039233
2239,2024,BAL,DB,00-0039234
2240,2024,BAL,DB,00-0039235
2241,2024,PHI,WR,00-0039236
2242,2024,BAL,OL,00-0039237
2243,2024,GB,QB,00-0039238
2244,2024,GB,DB,00-0039239
2245,2024,BAL,DB,00-0039241
2246,2024,BAL,OL,00-0039242
2247,2024,BAL,RB,00-0039244
2248,2024,BAL,DB,00-0039245
2249,2024,BAL,OL,00-0039246
2250,2024,BAL,DL,00-0039247
2251,2024,BAL,LB,00-0039250
2252,2024,BAL,OL,00-0039251
2253,2024,BAL,LS,00-0039252
2254,2024,BAL,LB,00-0039253
2255,2024,BAL,TE,00-0039254
2256,2024,BAL,WR,00-0039255
2257,2024,BAL,TE,00-0039256
2258,2024,BAL,OL,00-0039257
2259,2024,BAL,DB,00-0039258
2260,2024,BAL,WR,00-0039259
2261,2024,BAL,DL,00-0039260
2262,2024,BAL,WR,00-0039261
2263,2024,PHI,OL,00-0039262
2264,2024,PHI,TE,00-0039263
2265,2024,PHI,OL,00-0039264
2266,2024,PHI,DL,00-0039265
2267,2024,PHI,RB,00-0039266
2268,2024,PHI,DB,00-0039267
2269,2024,GB,LS,00-0039268
2270,2024,GB,DL,00-0039269
2271,2024,GB,LB,00-0039270
2272,2024,GB,RB,00-0039271
2273,2024,GB,OL,00-0039272
2274,2024,GB,OL,00-0039273
2275,2024,GB,TE,00-0039275
2276,2024,NYJ,DB,00-0039276
2277,2024,NYJ,LB,00-0039277
2278,2024,NYJ,WR,00-0039278
2279,2024,NYJ,DL,00-0039281
2280,2024,NYJ,DB,00-0039282
2281,2024,NYJ,OL,00-0039283
2282,2024,NYJ,DL,00-0039284
2283,2024,NYJ,DB,00-0039285
2284,2024,NYJ,WR,00-0039286
2285,2024,NYJ,TE,00-0039287
2286,2024,NYJ,LB,00-0039288
2287,2024,NYJ,DL,00-0039289
2288,2024,NYJ,OL,00-0039290
2289,2024,NYJ,DL,00-0039291
2290,2024,NYJ,DB,00-0039292
2291,2024,SEA,DL,00-0039293
2292,2024,SEA,DL,00-0039294
2293,2024,SEA,LB,00-0039296
2294,2024,SEA,OL,00-0039297
2295,2024,SEA,WR,00-0039298
2296,2024,SEA,RB,00-0039299
2297,2024,SEA,DB,00-0039300
2298,2024,SEA,DL,00-0039301
2299,2024,SEA,RB,00-0039302
2300,2024,SEA,OL,00-0039303
2301,2024,SEA,DB,00-0039304
2302,2024,SEA,TE,00-0039305
2303,2024,SEA,WR,00-0039306
2304,2024,SEA,DL,00-0039307
2305,2024,SEA,RB,00-0039308
2306,2024,SEA,DL,00-0039309
2307,2024,PHI,OL,00-0039310
2308,2024,KC,RB,00-0039311
2309,2024,KC,DB,00-0039312
2310,2024,KC,LB,00-0039313
2311,2024,KC,WR,00-0039314
2312,2024,KC,TE,00-0039316
2313,2024,KC,OL,00-0039317
2314,2024,KC,LB,00-0039318
2315,2024,KC,DL,00-0039319
2316,2024,KC,OL,00-0039320
2317,2024,KC,OL,00-0039321
2318,2024,KC,DB,00-0039322
2319,2024,KC,P,00-0039323
2320,2024,KC,DB,00-0039324
2321,2024,KC,RB,00-0039325
2322,2024,KC,OL,00-0039326
2323,2024,KC,LB,00-0039327
2324,2024,SEA,DL,00-0039328
2325,2024,GB,WR,00-0039329
2326,2024,GB,WR,00-0039330
2327,2024,BAL,QB,00-0039331
2328,2024,BAL,DL,00-0039332
2329,2024,NYJ,DB,00-0039333
2330,2024,NYJ,QB,00-0039334
2331,2024,KC,WR,00-0039336
2332,2024,NYG,WR,00-0039337
2333,2024,LV,TE,00-0039338
2334,2024,NO,OL,00-0039339
2335,2024,IND,DL,00-0039340
2336,2024,DAL,OL,00-0039341
2337,2024,CAR,WR,00-0039342
2338,2024,HOU,DB,00-0039343
2339,2024,CAR,RB,00-0039344
2340,2024,SF,DB,00-0039345
2341,2024,LAC,LB,00-0039346
2342,2024,CAR,LB,00-0039347
2343,2024,DAL,OL,00-0039348
2344,2024,LV,OL,00-0039349
2345,2024,CLE,OL,00-0039350
2346,2024,SF,OL,00-0039351
2347,2024,DAL,LB,00-0039352
2348,2024,JAX,DB,00-0039353
2349,2024,CIN,DL,00-0039354
2350,2024,WAS,WR,00-0039355
2351,2024,CAR,TE,00-0039356
2352,2024,LV,DB,00-0039357
2353,2024,PIT,OL,00-0039358
2354,2024,HOU,TE,00-0039359
2355,2024,SF,DB,00-0039360
2356,2024,TB,RB,00-0039361
2357,2024,DET,OL,00-0039362
2358,2024,SF,RB,00-0039363
2359,2024,DET,RB,00-0039364
2360,2024,SF,WR,00-0039365
2361,2024,LAC,DB,00-0039366
2362,2024,ARI,LB,00-0039367
2363,2024,WAS,LB,00-0039368
2364,2024,LAC,DB,00-0039369
2365,2024,ATL,LB,00-0039370
2366,2024,DEN,DB,00-0039371
2367,2024,TEN,DB,00-0039372
2368,2024,DEN,RB,00-0039373
2369,2024,LV,LB,00-0039374
2370,2024,CIN,DB,00-0039375
2371,2024,NO,QB,00-0039376
2372,2024,IND,LB,00-0039377
2373,2024,JAX,DB,00-0039378
2374,2024,CLE,WR,00-0039379
2375,2024,CAR,DB,00-0039380
2376,2024,WAS,DB,00-0039381
2377,2024,ARI,OL,00-0039382
2378,2024,IND,DB,00-0039383
2379,2024,NYG,RB,00-0039384
2380,2024,JAX,RB,00-0039385
2381,2024,NO,WR,00-0039386
2382,2024,DAL,DB,00-0039387
2383,2024,NO,LB,00-0039388
2384,2024,PIT,DL,00-0039389
2385,2024,NE,DB,00-0039390
2386,2024,LAC,RB,00-0039391
2387,2024,TEN,WR,00-0039392
2388,2024,ATL,RB,00-0039393
2389,2024,ATL,WR,00-0039394
2390,2024,HOU,LB,00-0039395
2391,2024,DET,DL,00-0039396
2392,2024,ARI,WR,00-0039397
2393,2024,NE,QB,00-0039398
2394,2024,CIN,TE,00-0039399
2395,2024,ATL,DL,00-0039400
2396,2024,NO,DL,00-0039401
2397,2024,CAR,DL,00-0039402
2398,2024,IND,DB,00-0039403
2399,2024,MIN,K,00-0039404
2400,2024,HOU,RB,00-0039405
2401,2024,CLE,LB,00-0039406
2402,2024,LV,RB,00-0039407
2403,2024,DET,OL,00-0039408
2404,2024,JAX,K,00-0039409
2405,2024,DAL,WR,00-0039410
2406,2024,TB,OL,00-0039411
2407,2024,WAS,DL,00-0039412
2408,2024,LV,DB,00-0039413
2409,2024,CIN,DB,00-0039414
2410,2024,LAC,WR,00-0039415
2411,2024,ARI,DB,00-0039416
2412,2024,CLE,DB,00-0039417
2413,2024,LV,DB,00-0039418
2414,2024,MIN,OL,00-0039419
2415,2024,NE,TE,00-0039420
2416,2024,MIN,DL,00-0039421
2417,2024,DAL,OL,00-0039422
2418,2024,IND,DL,00-0039423
2419,2024,DEN,WR,00-0039424
2420,2024,JAX,DL,00-0039425
2421,2024,CIN,OL,00-0039426
2422,2024,HOU,DL,00-0039427
2423,2024,NO,OL,00-0039428
2424,2024,CAR,LB,00-0039429
2425,2024,TEN,LB,00-0039430
2426,2024,CLE,DL,00-0039431
2427,2024,DAL,DL,00-0039432
2428,2024,HOU,DL,00-0039433
2429,2024,HOU,OL,00-0039434
2430,2024,SF,LB,00-0039435
2431,2024,TEN,LB,00-0039436
2432,2024,LAC,WR,00-0039437
2433,2024,DEN,OL,00-0039438
2434,2024,DET,WR,00-0039439
2435,2024,DET,LB,00-0039440
2436,2024,DET,OL,00-0039441
2437,2024,DET,OL,00-0039442
2438,2024,DET,DB,00-0039443
2439,2024,DET,LB,00-0039444
2440,2024,DET,LS,00-0039445
2441,2024,DET,OL,00-0039446
2442,2024,DET,DL,00-0039447
2443,2024,DET,DB,00-0039448
2444,2024,DET,K,00-0039449
2445,2024,DET,DL,00-0039450
2446,2024,DET,WR,00-0039451
2447,2024,DET,DB,00-0039453
2448,2024,PIT,DB,00-0039454
2449,2024,PIT,RB,00-0039455
2450,2024,PIT,QB,00-0039456
2451,2024,PIT,LB,00-0039457
2452,2024,CHI,TE,00-0039458
2453,2024,CHI,OL,00-0039459
2454,2024,CHI,LB,00-0039460
2455,2024,CHI,DL,00-0039461
2456,2024,CHI,WR,00-0039462
2457,2024,CHI,DL,00-0039463
2458,2024,CHI,QB,00-0039464
2459,2024,CHI,DB,00-0039465
2460,2024,CHI,RB,00-0039466
2461,2024,BUF,OL,00-0039467
2462,2024,BUF,OL,00-0039468
2463,2024,BUF,DB,00-0039469
2464,2024,BUF,DL,00-0039470
2465,2024,BUF,RB,00-0039471
2466,2024,BUF,OL,00-0039472
2467,2024,BUF,WR,00-0039473
2468,2024,BUF,WR,00-0039474
2469,2024,BUF,DB,00-0039475
2470,2024,BUF,DL,00-0039476
2471,2024,BUF,P,00-0039477
2472,2024,BUF,DL,00-0039478
2473,2024,MIA,WR,00-0039479
2474,2024,MIA,DB,00-0039480
2475,2024,MIA,DB,00-0039481
2476,2024,MIA,QB,00-0039482
2477,2024,MIA,DB,00-0039483
2478,2024,MIA,OL,00-0039484
2479,2024,MIA,OL,00-0039485
2480,2024,MIA,DL,00-0039486
2481,2024,MIA,DL,00-0039487
2482,2024,MIA,DB,00-0039488
2483,2024,MIA,TE,00-0039489
2484,2024,CAR,DL,00-0039490
2485,2024,CAR,WR,00-0039491
2486,2024,CAR,OL,00-0039492
2487,2024,CAR,DB,00-0039493
2488,2024,CAR,DL,00-0039494
2489,2024,CAR,DB,00-0039496
2490,2024,CAR,DL,00-0039497
2491,2024,CAR,K,00-0039498
2492,2024,CAR,LB,00-0039499
2493,2024,CAR,WR,00-0039500
2494,2024,CAR,QB,00-0039501
2495,2024,CAR,OL,00-0039502
2496,2024,CAR,RB,00-0039503
2497,2024,NYG,WR,00-0039504
2498,2024,NYG,WR,00-0039505
2499,2024,NYG,DB,00-0039506
2500,2024,NYG,OL,00-0039507
2501,2024,NYG,OL,00-0039508
2502,2024,NYG,DL,00-0039509
2503,2024,NYG,DL,00-0039510
2504,2024,CLE,WR,00-0039511
2505,2024,CLE,OL,00-0039512
2506,2024,CLE,DB,00-0039513
2507,2024,CLE,DB,00-0039514
2508,2024,CLE,LB,00-0039515
2509,2024,CLE,RB,00-0039516
2510,2024,CLE,OL,00-0039517
2511,2024,CLE,TE,00-0039518
2512,2024,ARI,DL,00-0039519
2513,2024,ARI,LS,00-0039520
2514,2024,ARI,WR,00-0039521
2515,2024,DAL,WR,00-0039522
2516,2024,DAL,DB,00-0039523
2517,2024,DAL,TE,00-0039524
2518,2024,DAL,WR,00-0039525
2519,2024,DAL,DB,00-0039526
2520,2024,DAL,LB,00-0039527
2521,2024,DAL,LB,00-0039528
2522,2024,DAL,RB,00-0039529
2523,2024,DAL,TE,00-0039530
2524,2024,DAL,LB,00-0039531
2525,2024,DAL,DB,00-0039532
2526,2024,LV,OL,00-0039533
2527,2024,LV,QB,00-0039534
2528,2024,LV,OL,00-0039535
2529,2024,LV,WR,00-0039536
2530,2024,LV,DL,00-0039537
2531,2024,LV,DL,00-0039538
2532,2024,LV,LB,00-0039539
2533,2024,LV,DB,00-0039540
2534,2024,LV,WR,00-0039541
2535,2024,LV,OL,00-0039542
2536,2024,LV,WR,00-0039543
2537,2024,LV,OL,00-0039544
2538,2024,LV,DB,00-0039545
2539,2024,LV,DL,00-0039546
2540,2024,LV,DB,00-0039547
2541,2024,LV,DL,00-0039548
2542,2024,LV,DB,00-0039549
2543,2024,JAX,TE,00-0039550
2544,2024,JAX,DL,00-0039551
2545,2024,JAX,WR,00-0039552
2546,2024,JAX,WR,00-0039553
2547,2024,JAX,RB,00-0039554
2548,2024,JAX,OL,00-0039555
2549,2024,JAX,LB,00-0039556
2550,2024,JAX,RB,00-0039557
2551,2024,JAX,LB,00-0039558
2552,2024,JAX,DB,00-0039559
2553,2024,JAX,WR,00-0039560
2554,2024,JAX,WR,00-0039561
2555,2024,JAX,WR,00-0039562
2556,2024,DEN,DL,00-0039564
2557,2024,DEN,LB,00-0039565
2558,2024,DEN,DB,00-0039566
2559,2024,DEN,OL,00-0039568
2560,2024,DEN,DL,00-0039569
2561,2024,DEN,DL,00-0039570
2562,2024,DEN,LB,00-0039571
2563,2024,DEN,RB,00-0039573
2564,2024,DEN,TE,00-0039574
2565,2024,IND,QB,00-0039575
2566,2024,IND,K,00-0039576
2567,2024,IND,QB,00-0039577
2568,2024,IND,OL,00-0039578
2569,2024,IND,WR,00-0039579
2570,2024,IND,LB,00-0039580
2571,2024,IND,RB,00-0039581
2572,2024,TB,DB,00-0039582
2573,2024,TB,DL,00-0039583
2574,2024,TB,OL,00-0039584
2575,2024,TB,LB,00-0039585
2576,2024,TB,DB,00-0039586
2577,2024,TB,LB,00-0039587
2578,2024,TB,DL,00-0039588
2579,2024,TB,WR,00-0039589
2580,2024,TB,OL,00-0039590
2581,2024,TB,WR,00-0039591
2582,2024,TB,WR,00-0039592
2583,2024,TB,DB,00-0039593
2584,2024,TB,DL,00-0039594
2585,2024,TB,RB,00-0039595
2586,2024,TB,DB,00-0039596
2587,2024,TB,QB,00-0039597
2588,2024,CAR,OL,00-0039598
2589,2024,NYJ,TE,00-0039599
2590,2024,CAR,DB,00-0039601
2591,2024,HOU,LB,00-0039602
2592,2024,HOU,RB,00-0039603
2593,2024,HOU,WR,00-0039604
2594,2024,HOU,WR,00-0039605
2595,2024,HOU,DL,00-0039606
2596,2024,HOU,LB,00-0039607
2597,2024,CAR,DL,00-0039608
2598,2024,NO,DL,00-0039609
2599,2024,NO,DB,00-0039610
2600,2024,NO,P,00-0039611
2601,2024,NO,OL,00-0039612
2602,2024,NO,TE,00-0039613
2603,2024,NO,WR,00-0039614
2604,2024,NO,DL,00-0039615
2605,2024,NO,DB,00-0039616
2606,2024,NO,RB,00-0039617
2607,2024,NO,DL,00-0039618
2608,2024,NO,OL,00-0039619
2609,2024,NO,DB,00-0039620
2610,2024,NO,WR,00-0039621
2611,2024,NO,LB,00-0039622
2612,2024,NO,WR,00-0039623
2613,2024,NO,OL,00-0039624
2614,2024,CIN,DL,00-0039625
2615,2024,CIN,WR,00-0039626
2616,2024,CIN,RB,00-0039627
2617,2024,CIN,LB,00-0039628
2618,2024,CIN,RB,00-0039629
2619,2024,CIN,DB,00-0039630
2620,2024,CIN,TE,00-0039631
2621,2024,CIN,DB,00-0039632
2622,2024,CIN,QB,00-0039633
2623,2024,CIN,P,00-0039634
2624,2024,CIN,OL,00-0039635
2625,2024,CIN,WR,00-0039636
2626,2024,CIN,LB,00-0039637
2627,2024,CIN,DB,00-0039638
2628,2024,TEN,OL,00-0039639
2629,2024,TEN,DL,00-0039640
2630,2024,TEN,DB,00-0039641
2631,2024,TEN,OL,00-0039642
2632,2024,TEN,DL,00-0039644
2633,2024,TEN,DB,00-0039645
2634,2024,TEN,DB,00-0039646
2635,2024,TEN,RB,00-0039647
2636,2024,TEN,TE,00-0039648
2637,2024,TEN,K,00-0039649
2638,2024,TEN,WR,00-0039650
2639,2024,TEN,RB,00-0039651
2640,2024,TEN,RB,00-0039652
2641,2024,TEN,OL,00-0039653
2642,2024,TEN,TE,00-0039654
2643,2024,LAC,OL,00-0039655
2644,2024,LAC,TE,00-0039656
2645,2024,LAC,QB,00-0039657
2646,2024,LAC,DB,00-0039658
2647,2024,LAC,WR,00-0039659
2648,2024,LAC,DB,00-0039660
2649,2024,LAC,TE,00-0039661
2650,2024,LAC,DL,00-0039662
2651,2024,LAC,LB,00-0039663
2652,2024,LAC,WR,00-0039664
2653,2024,LAC,WR,00-0039665
2654,2024,LAC,DB,00-0039666
2655,2024,LAC,LB,00-0039667
2656,2024,LAC,DL,00-0039668
2657,2024,LAC,OL,00-0039669
2658,2024,LAC,LB,00-0039670
2659,2024,LAC,OL,00-0039671
2660,2024,LAC,DB,00-0039672
2661,2024,LAC,DB,00-0039674
2662,2024,LAC,OL,00-0039675
2663,2024,WAS,DB,00-0039676
2664,2024,WAS,QB,00-0039677
2665,2024,WAS,RB,00-0039678
2666,2024,WAS,DB,00-0039679
2667,2024,WAS,OL,00-0039680
2668,2024,WAS,DB,00-0039681
2669,2024,WAS,DL,00-0039682
2670,2024,WAS,WR,00-0039683
2671,2024,WAS,RB,00-0039684
2672,2024,WAS,DB,00-0039685
2673,2024,WAS,RB,00-0039686
2674,2024,NE,RB,00-0039687
2675,2024,NE,DB,00-0039688
2676,2024,NE,OL,00-0039689
2677,2024,NE,LB,00-0039690
2678,2024,NE,DL,00-0039691
2679,2024,NE,DB,00-0039692
2680,2024,NE,OL,00-0039693
2681,2024,NE,DB,00-0039694
2682,2024,NE,TE,00-0039695
2683,2024,SF,DL,00-0039696
2684,2024,SF,DB,00-0039697
2685,2024,SF,OL,00-0039698
2686,2024,SF,QB,00-0039699
2687,2024,SF,OL,00-0039700
2688,2024,SF,WR,00-0039701
2689,2024,SF,TE,00-0039702
2690,2024,SF,RB,00-0039703
2691,2024,MIN,OL,00-0039704
2692,2024,MIN,LB,00-0039705
2693,2024,MIN,OL,00-0039706
2694,2024,MIN,LB,00-0039707
2695,2024,MIN,WR,00-0039708
2696,2024,MIN,WR,00-0039709
2697,2024,MIN,WR,00-0039710
2698,2024,MIN,TE,00-0039711
2699,2024,MIN,DL,00-0039712
2700,2024,MIN,DB,00-0039714
2701,2024,MIN,DL,00-0039715
2702,2024,MIN,OL,00-0039716
2703,2024,MIN,DL,00-0039717
2704,2024,MIN,DL,00-0039718
2705,2024,MIN,OL,00-0039719
2706,2024,MIN,DL,00-0039720
2707,2024,ATL,OL,00-0039721
2708,2024,ATL,WR,00-0039722
2709,2024,ATL,QB,00-0039723
2710,2024,ATL,OL,00-0039724
2711,2024,ATL,DB,00-0039725
2712,2024,ATL,P,00-0039726
2713,2024,ATL,DB,00-0039727
2714,2024,ATL,TE,00-0039728
2715,2024,ATL,DB,00-0039729
2716,2024,ATL,WR,00-0039730
2717,2024,TEN,OL,00-0039731
2718,2024,DEN,QB,00-0039732
2719,2024,ATL,DL,00-0039733
2720,2024,LA,DL,00-0039734
2721,2024,LV,OL,00-0039735
2722,2024,IND,OL,00-0039736
2723,2024,ARI,TE,00-0039737
2724,2024,LA,RB,00-0039738
2725,2024,PIT,WR,00-0039739
2726,2024,PHI,LB,00-0039740
2727,2024,PIT,LB,00-0039741
2728,2024,JAX,OL,00-0039742
2729,2024,JAX,DL,00-0039743
2730,2024,IND,OL,00-0039744
2731,2024,CHI,P,00-0039745
2732,2024,PHI,RB,00-0039746
2733,2024,PHI,WR,00-0039747
2734,2024,PIT,DB,00-0039748
2735,2024,LA,DL,00-0039749
2736,2024,LA,K,00-0039750
2737,2024,LA,WR,00-0039751
2738,2024,CIN,DL,00-0039752
2739,2024,LA,OL,00-0039753
2740,2024,TB,TE,00-0039754
2741,2024,LA,OL,00-0039755
2742,2024,NE,RB,00-0039757
2743,2024,NE,OL,00-0039758
2744,2024,NE,LB,00-0039759
2745,2024,CHI,WR,00-0039760
2746,2024,CHI,DL,00-0039761
2747,2024,CHI,DB,00-0039762
2748,2024,BUF,LB,00-0039763
2749,2024,NYG,DL,00-0039764
2750,2024,TB,DB,00-0039765
2751,2024,TB,RB,00-0039766
2752,2024,DEN,DB,00-0039767
2753,2024,SEA,DL,00-0039768
2754,2024,SEA,LB,00-0039769
2755,2024,LA,DB,00-0039770
2756,2024,LA,WR,00-0039771
2757,2024,LA,DB,00-0039772
2758,2024,LA,WR,00-0039773
2759,2024,LA,LB,00-0039774
2760,2024,LA,LB,00-0039775
2761,2024,LA,DB,00-0039776
2762,2024,LA,DB,00-0039777
2763,2024,LA,DL,00-0039778
2764,2024,LA,OL,00-0039779
2765,2024,LA,DB,00-0039780
2766,2024,LA,WR,00-0039781
2767,2024,LA,TE,00-0039782
2768,2024,LA,DL,00-0039783
2769,2024,LA,OL,00-0039784
2770,2024,NYJ,WR,00-0039785
2771,2024,NYJ,RB,00-0039786
2772,2024,PHI,DB,00-0039787
2773,2024,CHI,DB,00-0039788
2774,2024,NYJ,DB,00-0039789
2775,2024,NYJ,OL,00-0039790
2776,2024,BAL,LB,00-0039791
2777,2024,BAL,WR,00-0039792
2778,2024,SEA,TE,00-0039793
2779,2024,NYJ,RB,00-0039794
2780,2024,SEA,DB,00-0039795
2781,2024,BAL,RB,00-0039796
2782,2024,NYJ,QB,00-0039797
2783,2024,NYJ,RB,00-0039798
2784,2024,SEA,OL,00-0039799
2785,2024,SEA,DB,00-0039800
2786,2024,BAL,QB,00-0039801
2787,2024,NYJ,DB,00-0039802
2788,2024,MIA,OL,00-0039804
2789,2024,MIA,DB,00-0039805
2790,2024,LAC,LB,00-0039806
2791,2024,ARI,DB,00-0039807
2792,2024,ARI,OL,00-0039808
2793,2024,DEN,LB,00-0039809
2794,2024,CIN,WR,00-0039810
2795,2024,GB,RB,00-0039811
2796,2024,GB,LB,00-0039812
2797,2024,GB,DB,00-0039813
2798,2024,CIN,TE,00-0039814
2799,2024,SEA,LB,00-0039815
2800,2024,IND,WR,00-0039816
2801,2024,GB,OL,00-0039817
2802,2024,GB,DB,00-0039818
2803,2024,GB,OL,00-0039819
2804,2024,MIA,DL,00-0039820
2805,2024,NYG,DB,00-0039821
2806,2024,CHI,OL,00-0039822
2807,2024,ARI,DB,00-0039823
2808,2024,KC,TE,00-0039824
2809,2024,KC,DB,00-0039825
2810,2024,PHI,LB,00-0039826
2811,2024,KC,OL,00-0039827
2812,2024,MIN,OL,00-0039828
2813,2024,NYG,LB,00-0039829
2814,2024,PHI,OL,00-0039830
2815,2024,KC,DB,00-0039831
2816,2024,SF,OL,00-0039832
2817,2024,KC,OL,00-0039833
2818,2024,LA,DB,00-0039834
2819,2024,LAC,DL,00-0039835
2820,2024,LA,DL,00-0039836
2821,2024,ATL,LB,00-0039837
2822,2024,HOU,DB,00-0039838
2823,2024,SEA,OL,00-0039839
2824,2024,CHI,DL,00-0039840
2825,2024,PHI,DB,00-0039841
2826,2024,SEA,OL,00-0039842
2827,2024,BAL,WR,00-0039843
2828,2024,KC,OL,00-0039844
2829,2024,TB,DB,00-0039846
2830,2024,NYG,TE,00-0039847
2831,2024,ATL,WR,00-0039848
2832,2024,ARI,WR,00-0039849
2833,2024,GB,LB,00-0039850
2834,2024,NE,QB,00-0039851
2835,2024,LA,DL,00-0039852
2836,2024,NE,WR,00-0039853
2837,2024,ARI,DL,00-0039854
2838,2024,TB,WR,00-0039855
2839,2024,MIN,DB,00-0039856
2840,2024,HOU,OL,00-0039857
2841,2024,TEN,LB,00-0039858
2842,2024,ATL,DL,00-0039859
2843,2024,NO,DB,00-0039860
2844,2024,NYG,DB,00-0039861
2845,2024,DET,DB,00-0039862
2846,2024,NE,OL,00-0039863
2847,2024,ARI,DB,00-0039864
2848,2024,BUF,DL,00-0039865
